0 verbose cli /usr/local/bin/node /usr/local/lib/node_modules/npm/bin/npm-cli.js
1 info using npm@11.6.2
2 info using node@v24.13.0
3 silly config load:file:/usr/local/lib/node_modules/npm/npmrc
4 silly config load:file:/Users/mdatiarrahmanovi/Downloads/Employee Management App/.npmrc
5 silly config load:file:/Users/mdatiarrahmanovi/.npmrc
6 silly config load:file:/usr/local/etc/npmrc
7 verbose title npm exec vercel --prod --token --yes
8 verbose argv "exec" "--yes" "--" "vercel" "--prod" "--token" "--yes"
9 verbose logfile logs-max:10 dir:/Users/mdatiarrahmanovi/Downloads/Employee Management App/.npm-cache/_logs/2026-02-09T17_20_10_879Z-
10 verbose logfile /Users/mdatiarrahmanovi/Downloads/Employee Management App/.npm-cache/_logs/2026-02-09T17_20_10_879Z-debug-0.log
11 silly logfile done cleaning log files
12 silly packumentCache heap:2348810240 maxSize:587202560 maxEntrySize:293601280
13 http fetch GET 200 https://registry.npmjs.org/npm 580ms
14 http fetch GET 200 https://registry.npmjs.org/vercel 614ms (cache miss)
15 silly packumentCache heap:2348810240 maxSize:587202560 maxEntrySize:293601280
16 silly packumentCache heap:2348810240 maxSize:587202560 maxEntrySize:293601280
17 silly idealTree buildDeps
18 silly fetch manifest vercel@50.13.2
19 silly packumentCache full:https://registry.npmjs.org/vercel cache-miss
20 http fetch GET 200 https://registry.npmjs.org/vercel 173ms (cache miss)
21 silly packumentCache full:https://registry.npmjs.org/vercel set size:undefined disposed:false
22 silly placeDep ROOT vercel@50.13.2 OK for:  want: 50.13.2
23 silly fetch manifest jose@5.9.6
24 silly packumentCache full:https://registry.npmjs.org/jose cache-miss
25 silly fetch manifest esbuild@0.27.0
26 silly packumentCache full:https://registry.npmjs.org/esbuild cache-miss
27 silly fetch manifest chokidar@4.0.0
28 silly packumentCache full:https://registry.npmjs.org/chokidar cache-miss
29 silly fetch manifest form-data@^4.0.0
30 silly packumentCache full:https://registry.npmjs.org/form-data cache-miss
31 silly fetch manifest @vercel/go@3.4.0
32 silly packumentCache full:https://registry.npmjs.org/@vercel%2fgo cache-miss
33 silly fetch manifest @vercel/h3@0.1.41
34 silly packumentCache full:https://registry.npmjs.org/@vercel%2fh3 cache-miss
35 silly fetch manifest @vercel/fun@1.3.0
36 silly packumentCache full:https://registry.npmjs.org/@vercel%2ffun cache-miss
37 http fetch GET 200 https://registry.npmjs.org/jose 133ms (cache miss)
38 silly packumentCache full:https://registry.npmjs.org/jose set size:undefined disposed:false
39 silly fetch manifest @vercel/koa@0.1.15
40 silly packumentCache full:https://registry.npmjs.org/@vercel%2fkoa cache-miss
41 http fetch GET 200 https://registry.npmjs.org/form-data 313ms (cache miss)
42 silly packumentCache full:https://registry.npmjs.org/form-data set size:undefined disposed:false
43 silly fetch manifest @vercel/blob@1.0.2
44 silly packumentCache full:https://registry.npmjs.org/@vercel%2fblob cache-miss
45 http fetch GET 200 https://registry.npmjs.org/@vercel%2fh3 446ms (cache miss)
46 silly packumentCache full:https://registry.npmjs.org/@vercel%2fh3 set size:undefined disposed:false
47 silly fetch manifest @vercel/hono@0.2.35
48 silly packumentCache full:https://registry.npmjs.org/@vercel%2fhono cache-miss
49 http fetch GET 200 https://registry.npmjs.org/@vercel%2fgo 460ms (cache miss)
50 silly packumentCache full:https://registry.npmjs.org/@vercel%2fgo set size:undefined disposed:false
51 silly fetch manifest @vercel/next@4.15.27
52 silly packumentCache full:https://registry.npmjs.org/@vercel%2fnext cache-miss
53 http fetch GET 200 https://registry.npmjs.org/chokidar 468ms (cache miss)
54 silly packumentCache full:https://registry.npmjs.org/chokidar set size:undefined disposed:false
55 silly fetch manifest @vercel/node@5.5.33
56 silly packumentCache full:https://registry.npmjs.org/@vercel%2fnode cache-miss
57 http fetch GET 200 https://registry.npmjs.org/@vercel%2fkoa 359ms (cache miss)
58 silly packumentCache full:https://registry.npmjs.org/@vercel%2fkoa set size:undefined disposed:false
59 silly fetch manifest @vercel/ruby@2.2.5
60 silly packumentCache full:https://registry.npmjs.org/@vercel%2fruby cache-miss
61 http fetch GET 200 https://registry.npmjs.org/esbuild 525ms (cache miss)
62 silly packumentCache full:https://registry.npmjs.org/esbuild set size:undefined disposed:false
63 silly fetch manifest @vercel/rust@1.0.5
64 silly packumentCache full:https://registry.npmjs.org/@vercel%2frust cache-miss
65 http fetch GET 200 https://registry.npmjs.org/@vercel%2fhono 145ms (cache miss)
66 silly packumentCache full:https://registry.npmjs.org/@vercel%2fhono set size:undefined disposed:false
67 silly fetch manifest @vercel/elysia@0.1.32
68 silly packumentCache full:https://registry.npmjs.org/@vercel%2felysia cache-miss
69 http fetch GET 200 https://registry.npmjs.org/@vercel%2fnode 157ms (cache miss)
70 silly packumentCache full:https://registry.npmjs.org/@vercel%2fnode set size:undefined disposed:false
71 silly fetch manifest @vercel/nestjs@0.2.36
72 silly packumentCache full:https://registry.npmjs.org/@vercel%2fnestjs cache-miss
73 http fetch GET 200 https://registry.npmjs.org/@vercel%2frust 144ms (cache miss)
74 silly packumentCache full:https://registry.npmjs.org/@vercel%2frust set size:undefined disposed:false
75 silly fetch manifest @vercel/python@6.8.0
76 silly packumentCache full:https://registry.npmjs.org/@vercel%2fpython cache-miss
77 http fetch GET 200 https://registry.npmjs.org/@vercel%2fnext 224ms (cache miss)
78 silly packumentCache full:https://registry.npmjs.org/@vercel%2fnext set size:undefined disposed:false
79 silly fetch manifest @vercel/express@0.1.41
80 silly packumentCache full:https://registry.npmjs.org/@vercel%2fexpress cache-miss
81 http fetch GET 200 https://registry.npmjs.org/@vercel%2fblob 390ms (cache miss)
82 silly packumentCache full:https://registry.npmjs.org/@vercel%2fblob set size:undefined disposed:false
83 silly fetch manifest @vercel/fastify@0.1.35
84 silly packumentCache full:https://registry.npmjs.org/@vercel%2ffastify cache-miss
85 http fetch GET 200 https://registry.npmjs.org/@vercel%2fpython 156ms (cache miss)
86 silly packumentCache full:https://registry.npmjs.org/@vercel%2fpython set size:undefined disposed:false
87 silly fetch manifest @vercel/redwood@2.4.9
88 silly packumentCache full:https://registry.npmjs.org/@vercel%2fredwood cache-miss
89 http fetch GET 200 https://registry.npmjs.org/@vercel%2fnestjs 343ms (cache miss)
90 silly packumentCache full:https://registry.npmjs.org/@vercel%2fnestjs set size:undefined disposed:false
91 silly fetch manifest @vercel/backends@0.0.30
92 silly packumentCache full:https://registry.npmjs.org/@vercel%2fbackends cache-miss
93 http fetch GET 200 https://registry.npmjs.org/@vercel%2fruby 548ms (cache miss)
94 silly packumentCache full:https://registry.npmjs.org/@vercel%2fruby set size:undefined disposed:false
95 silly fetch manifest @vercel/hydrogen@1.3.5
96 silly packumentCache full:https://registry.npmjs.org/@vercel%2fhydrogen cache-miss
97 http fetch GET 200 https://registry.npmjs.org/@vercel%2fexpress 367ms (cache miss)
98 silly packumentCache full:https://registry.npmjs.org/@vercel%2fexpress set size:undefined disposed:false
99 silly fetch manifest @vercel/build-utils@13.3.3
100 silly packumentCache full:https://registry.npmjs.org/@vercel%2fbuild-utils cache-miss
101 http fetch GET 200 https://registry.npmjs.org/@vercel%2ffun 1177ms (cache miss)
102 silly packumentCache full:https://registry.npmjs.org/@vercel%2ffun set size:undefined disposed:false
103 silly fetch manifest @vercel/detect-agent@1.1.0
104 silly packumentCache full:https://registry.npmjs.org/@vercel%2fdetect-agent cache-miss
105 http fetch GET 200 https://registry.npmjs.org/@vercel%2fbuild-utils 150ms (cache miss)
106 silly packumentCache full:https://registry.npmjs.org/@vercel%2fbuild-utils set size:undefined disposed:false
107 silly fetch manifest @vercel/static-build@2.8.34
108 silly packumentCache full:https://registry.npmjs.org/@vercel%2fstatic-build cache-miss
109 http fetch GET 200 https://registry.npmjs.org/@vercel%2fbackends 363ms (cache miss)
110 silly packumentCache full:https://registry.npmjs.org/@vercel%2fbackends set size:undefined disposed:false
111 silly fetch manifest @vercel/remix-builder@5.5.10
112 silly packumentCache full:https://registry.npmjs.org/@vercel%2fremix-builder cache-miss
113 http fetch GET 200 https://registry.npmjs.org/@vercel%2felysia 753ms (cache miss)
114 silly packumentCache full:https://registry.npmjs.org/@vercel%2felysia set size:undefined disposed:false
115 http fetch GET 200 https://registry.npmjs.org/@vercel%2ffastify 762ms (cache miss)
116 silly packumentCache full:https://registry.npmjs.org/@vercel%2ffastify set size:undefined disposed:false
117 http fetch GET 200 https://registry.npmjs.org/@vercel%2fstatic-build 349ms (cache miss)
118 silly packumentCache full:https://registry.npmjs.org/@vercel%2fstatic-build set size:undefined disposed:false
119 http fetch GET 200 https://registry.npmjs.org/@vercel%2fremix-builder 346ms (cache miss)
120 silly packumentCache full:https://registry.npmjs.org/@vercel%2fremix-builder set size:undefined disposed:false
121 http fetch GET 200 https://registry.npmjs.org/@vercel%2fredwood 981ms (cache miss)
122 silly packumentCache full:https://registry.npmjs.org/@vercel%2fredwood set size:undefined disposed:false
123 http fetch GET 200 https://registry.npmjs.org/@vercel%2fdetect-agent 781ms (cache miss)
124 silly packumentCache full:https://registry.npmjs.org/@vercel%2fdetect-agent set size:undefined disposed:false
125 http fetch GET 200 https://registry.npmjs.org/@vercel%2fhydrogen 1002ms (cache miss)
126 silly packumentCache full:https://registry.npmjs.org/@vercel%2fhydrogen set size:undefined disposed:false
127 silly fetch manifest typescript@^4.0.0 || ^5.0.0
128 silly packumentCache full:https://registry.npmjs.org/typescript cache-miss
129 http fetch GET 200 https://registry.npmjs.org/typescript 534ms (cache miss)
130 silly packumentCache full:https://registry.npmjs.org/typescript set size:undefined disposed:false
131 silly placeDep ROOT @vercel/backends@0.0.30 OK for: vercel@50.13.2 want: 0.0.30
132 silly placeDep ROOT typescript@5.9.3 OK for: @vercel/backends@0.0.30 want: ^4.0.0 || ^5.0.0
133 silly placeDep ROOT @vercel/blob@1.0.2 OK for: vercel@50.13.2 want: 1.0.2
134 silly placeDep ROOT @vercel/build-utils@13.3.3 OK for: vercel@50.13.2 want: 13.3.3
135 silly placeDep ROOT @vercel/detect-agent@1.1.0 OK for: vercel@50.13.2 want: 1.1.0
136 silly placeDep ROOT @vercel/elysia@0.1.32 OK for: vercel@50.13.2 want: 0.1.32
137 silly placeDep ROOT @vercel/express@0.1.41 OK for: vercel@50.13.2 want: 0.1.41
138 silly placeDep ROOT @vercel/fastify@0.1.35 OK for: vercel@50.13.2 want: 0.1.35
139 silly placeDep ROOT @vercel/fun@1.3.0 OK for: vercel@50.13.2 want: 1.3.0
140 silly placeDep ROOT @vercel/go@3.4.0 OK for: vercel@50.13.2 want: 3.4.0
141 silly placeDep ROOT @vercel/h3@0.1.41 OK for: vercel@50.13.2 want: 0.1.41
142 silly placeDep ROOT @vercel/hono@0.2.35 OK for: vercel@50.13.2 want: 0.2.35
143 silly placeDep ROOT @vercel/hydrogen@1.3.5 OK for: vercel@50.13.2 want: 1.3.5
144 silly placeDep ROOT @vercel/koa@0.1.15 OK for: vercel@50.13.2 want: 0.1.15
145 silly placeDep ROOT @vercel/nestjs@0.2.36 OK for: vercel@50.13.2 want: 0.2.36
146 silly placeDep ROOT @vercel/next@4.15.27 OK for: vercel@50.13.2 want: 4.15.27
147 silly placeDep ROOT @vercel/node@5.5.33 OK for: vercel@50.13.2 want: 5.5.33
148 silly placeDep ROOT @vercel/python@6.8.0 OK for: vercel@50.13.2 want: 6.8.0
149 silly placeDep ROOT @vercel/redwood@2.4.9 OK for: vercel@50.13.2 want: 2.4.9
150 silly placeDep ROOT @vercel/remix-builder@5.5.10 OK for: vercel@50.13.2 want: 5.5.10
151 silly placeDep ROOT @vercel/ruby@2.2.5 OK for: vercel@50.13.2 want: 2.2.5
152 silly placeDep ROOT @vercel/rust@1.0.5 OK for: vercel@50.13.2 want: 1.0.5
153 silly placeDep ROOT @vercel/static-build@2.8.34 OK for: vercel@50.13.2 want: 2.8.34
154 silly placeDep ROOT chokidar@4.0.0 OK for: vercel@50.13.2 want: 4.0.0
155 silly placeDep ROOT esbuild@0.27.0 OK for: vercel@50.13.2 want: 0.27.0
156 silly placeDep ROOT form-data@4.0.5 OK for: vercel@50.13.2 want: ^4.0.0
157 silly placeDep ROOT jose@5.9.6 OK for: vercel@50.13.2 want: 5.9.6
158 silly fetch manifest tsx@4.21.0
159 silly packumentCache full:https://registry.npmjs.org/tsx cache-miss
160 silly fetch manifest zod@3.22.4
161 silly packumentCache full:https://registry.npmjs.org/zod cache-miss
162 silly fetch manifest srvx@0.8.9
163 silly packumentCache full:https://registry.npmjs.org/srvx cache-miss
164 silly fetch manifest execa@3.2.0
165 silly packumentCache full:https://registry.npmjs.org/execa cache-miss
166 silly fetch manifest fs-extra@11.1.0
167 silly packumentCache full:https://registry.npmjs.org/fs-extra cache-miss
168 silly fetch manifest rolldown@1.0.0-rc.1
169 silly packumentCache full:https://registry.npmjs.org/rolldown cache-miss
170 silly fetch manifest @vercel/nft@1.3.0
171 silly packumentCache full:https://registry.npmjs.org/@vercel%2fnft cache-miss
172 http fetch GET 200 https://registry.npmjs.org/zod 163ms (cache miss)
173 silly packumentCache full:https://registry.npmjs.org/zod set size:undefined disposed:false
174 silly fetch manifest oxc-transform@0.111.0
175 silly packumentCache full:https://registry.npmjs.org/oxc-transform cache-miss
176 http fetch GET 200 https://registry.npmjs.org/srvx 174ms (cache miss)
177 silly packumentCache full:https://registry.npmjs.org/srvx set size:undefined disposed:false
178 silly fetch manifest path-to-regexp@8.3.0
179 silly packumentCache full:https://registry.npmjs.org/path-to-regexp cache-miss
180 http fetch GET 200 https://registry.npmjs.org/execa 175ms (cache miss)
181 silly packumentCache full:https://registry.npmjs.org/execa set size:undefined disposed:false
182 silly fetch manifest resolve.exports@2.0.3
183 silly packumentCache full:https://registry.npmjs.org/resolve.exports cache-miss
184 http fetch GET 200 https://registry.npmjs.org/fs-extra 177ms (cache miss)
185 silly packumentCache full:https://registry.npmjs.org/fs-extra set size:undefined disposed:false
186 silly fetch manifest undici@^5.28.4
187 silly packumentCache full:https://registry.npmjs.org/undici cache-miss
188 http fetch GET 200 https://registry.npmjs.org/tsx 178ms (cache miss)
189 silly packumentCache full:https://registry.npmjs.org/tsx set size:undefined disposed:false
190 silly fetch manifest is-buffer@^2.0.5
191 silly packumentCache full:https://registry.npmjs.org/is-buffer cache-miss
192 http fetch GET 200 https://registry.npmjs.org/@vercel%2fnft 179ms (cache miss)
193 silly packumentCache full:https://registry.npmjs.org/@vercel%2fnft set size:undefined disposed:false
194 silly fetch manifest throttleit@^2.1.0
195 silly packumentCache full:https://registry.npmjs.org/throttleit cache-miss
196 http fetch GET 200 https://registry.npmjs.org/rolldown 184ms (cache miss)
197 silly packumentCache full:https://registry.npmjs.org/rolldown set size:undefined disposed:false
198 silly fetch manifest async-retry@^1.3.3
199 silly packumentCache full:https://registry.npmjs.org/async-retry cache-miss
200 http fetch GET 200 https://registry.npmjs.org/is-buffer 85ms (cache miss)
201 silly packumentCache full:https://registry.npmjs.org/is-buffer set size:undefined disposed:false
202 silly fetch manifest is-node-process@^1.2.0
203 silly packumentCache full:https://registry.npmjs.org/is-node-process cache-miss
204 http fetch GET 200 https://registry.npmjs.org/resolve.exports 125ms (cache miss)
205 silly packumentCache full:https://registry.npmjs.org/resolve.exports set size:undefined disposed:false
206 silly fetch manifest @vercel/python-analysis@0.3.2
207 silly packumentCache full:https://registry.npmjs.org/@vercel%2fpython-analysis cache-miss
208 http fetch GET 200 https://registry.npmjs.org/path-to-regexp 134ms (cache miss)
209 silly packumentCache full:https://registry.npmjs.org/path-to-regexp set size:undefined disposed:false
210 silly fetch manifest @vercel/static-config@3.1.2
211 silly packumentCache full:https://registry.npmjs.org/@vercel%2fstatic-config cache-miss
212 http fetch GET 200 https://registry.npmjs.org/oxc-transform 136ms (cache miss)
213 silly packumentCache full:https://registry.npmjs.org/oxc-transform set size:undefined disposed:false
214 silly fetch manifest ts-morph@12.0.0
215 silly packumentCache full:https://registry.npmjs.org/ts-morph cache-miss
216 http fetch GET 200 https://registry.npmjs.org/async-retry 125ms (cache miss)
217 silly packumentCache full:https://registry.npmjs.org/async-retry set size:undefined disposed:false
218 silly fetch manifest @vercel/nft@1.1.1
219 silly packumentCache full:https://registry.npmjs.org/@vercel%2fnft cache-miss
220 http cache https://registry.npmjs.org/@vercel%2fnft 3ms (cache hit)
221 silly packumentCache full:https://registry.npmjs.org/@vercel%2fnft set size:557717 disposed:false
222 silly fetch manifest @vercel/cervel@0.0.17
223 silly packumentCache full:https://registry.npmjs.org/@vercel%2fcervel cache-miss
224 http fetch GET 200 https://registry.npmjs.org/undici 148ms (cache miss)
225 silly packumentCache full:https://registry.npmjs.org/undici set size:undefined disposed:false
226 silly fetch manifest @vercel/static-config@3.1.2
227 silly packumentCache full:https://registry.npmjs.org/@vercel%2fstatic-config cache-miss
228 http fetch GET 200 https://registry.npmjs.org/is-node-process 79ms (cache miss)
229 silly packumentCache full:https://registry.npmjs.org/is-node-process set size:undefined disposed:false
230 silly fetch manifest @vercel/static-config@3.1.2
231 silly packumentCache full:https://registry.npmjs.org/@vercel%2fstatic-config cache-miss
232 http fetch GET 200 https://registry.npmjs.org/ts-morph 127ms (cache miss)
233 silly packumentCache full:https://registry.npmjs.org/ts-morph set size:undefined disposed:false
234 silly fetch manifest @tootallnate/once@2.0.0
235 silly packumentCache full:https://registry.npmjs.org/@tootallnate%2fonce cache-miss
236 http fetch GET 200 https://registry.npmjs.org/@vercel%2fpython-analysis 142ms (cache miss)
237 silly packumentCache full:https://registry.npmjs.org/@vercel%2fpython-analysis set size:undefined disposed:false
238 silly fetch manifest async-listen@1.2.0
239 silly packumentCache full:https://registry.npmjs.org/async-listen cache-miss
240 http fetch GET 200 https://registry.npmjs.org/throttleit 305ms (cache miss)
241 silly packumentCache full:https://registry.npmjs.org/throttleit set size:undefined disposed:false
242 silly fetch manifest debug@4.3.4
243 silly packumentCache full:https://registry.npmjs.org/debug cache-miss
244 http fetch GET 200 https://registry.npmjs.org/async-listen 134ms (cache miss)
245 silly packumentCache full:https://registry.npmjs.org/async-listen set size:undefined disposed:false
246 silly fetch manifest generic-pool@3.4.2
247 silly packumentCache full:https://registry.npmjs.org/generic-pool cache-miss
248 http fetch GET 200 https://registry.npmjs.org/@tootallnate%2fonce 162ms (cache miss)
249 silly packumentCache full:https://registry.npmjs.org/@tootallnate%2fonce set size:undefined disposed:false
250 silly fetch manifest micro@9.3.5-canary.3
251 silly packumentCache full:https://registry.npmjs.org/micro cache-miss
252 http fetch GET 200 https://registry.npmjs.org/debug 142ms (cache miss)
253 silly packumentCache full:https://registry.npmjs.org/debug set size:undefined disposed:false
254 silly fetch manifest ms@2.1.1
255 silly packumentCache full:https://registry.npmjs.org/ms cache-miss
256 http fetch GET 200 https://registry.npmjs.org/generic-pool 138ms (cache miss)
257 silly packumentCache full:https://registry.npmjs.org/generic-pool set size:undefined disposed:false
258 silly fetch manifest node-fetch@2.6.7
259 silly packumentCache full:https://registry.npmjs.org/node-fetch cache-miss
260 http fetch GET 200 https://registry.npmjs.org/ms 130ms (cache miss)
261 silly packumentCache full:https://registry.npmjs.org/ms set size:undefined disposed:false
262 silly fetch manifest path-to-regexp@8.2.0
263 silly packumentCache full:https://registry.npmjs.org/path-to-regexp cache-miss
264 http cache https://registry.npmjs.org/path-to-regexp 2ms (cache hit)
265 silly packumentCache full:https://registry.npmjs.org/path-to-regexp set size:207142 disposed:false
266 silly fetch manifest promisepipe@3.0.0
267 silly packumentCache full:https://registry.npmjs.org/promisepipe cache-miss
268 http fetch GET 200 https://registry.npmjs.org/node-fetch 134ms (cache miss)
269 silly packumentCache full:https://registry.npmjs.org/node-fetch set size:undefined disposed:false
270 silly fetch manifest semver@7.5.4
271 silly packumentCache full:https://registry.npmjs.org/semver cache-miss
272 http fetch GET 200 https://registry.npmjs.org/@vercel%2fcervel 553ms (cache miss)
273 silly packumentCache full:https://registry.npmjs.org/@vercel%2fcervel set size:undefined disposed:false
274 silly fetch manifest stat-mode@0.3.0
275 silly packumentCache full:https://registry.npmjs.org/stat-mode cache-miss
276 http fetch GET 200 https://registry.npmjs.org/micro 337ms (cache miss)
277 silly packumentCache full:https://registry.npmjs.org/micro set size:undefined disposed:false
278 silly fetch manifest stream-to-promise@2.2.0
279 silly packumentCache full:https://registry.npmjs.org/stream-to-promise cache-miss
280 http fetch GET 200 https://registry.npmjs.org/semver 127ms (cache miss)
281 silly packumentCache full:https://registry.npmjs.org/semver set size:undefined disposed:false
282 silly fetch manifest tar@7.5.7
283 silly packumentCache full:https://registry.npmjs.org/tar cache-miss
284 http fetch GET 200 https://registry.npmjs.org/stat-mode 141ms (cache miss)
285 silly packumentCache full:https://registry.npmjs.org/stat-mode set size:undefined disposed:false
286 silly fetch manifest tinyexec@0.3.2
287 silly packumentCache full:https://registry.npmjs.org/tinyexec cache-miss
288 http fetch GET 200 https://registry.npmjs.org/stream-to-promise 133ms (cache miss)
289 silly packumentCache full:https://registry.npmjs.org/stream-to-promise set size:undefined disposed:false
290 silly fetch manifest tree-kill@1.2.2
291 silly packumentCache full:https://registry.npmjs.org/tree-kill cache-miss
292 http fetch GET 200 https://registry.npmjs.org/tar 145ms (cache miss)
293 silly packumentCache full:https://registry.npmjs.org/tar set size:undefined disposed:false
294 silly fetch manifest uid-promise@1.0.0
295 silly packumentCache full:https://registry.npmjs.org/uid-promise cache-miss
296 http fetch GET 200 https://registry.npmjs.org/tinyexec 127ms (cache miss)
297 silly packumentCache full:https://registry.npmjs.org/tinyexec set size:undefined disposed:false
298 silly fetch manifest xdg-app-paths@5.1.0
299 silly packumentCache full:https://registry.npmjs.org/xdg-app-paths cache-miss
300 http fetch GET 200 https://registry.npmjs.org/tree-kill 80ms (cache miss)
301 silly packumentCache full:https://registry.npmjs.org/tree-kill set size:undefined disposed:false
302 silly fetch manifest yauzl-promise@2.1.3
303 silly packumentCache full:https://registry.npmjs.org/yauzl-promise cache-miss
304 http fetch GET 200 https://registry.npmjs.org/@vercel%2fstatic-config 1024ms (cache miss)
305 silly packumentCache full:https://registry.npmjs.org/@vercel%2fstatic-config set size:undefined disposed:false
306 silly fetch manifest etag@1.8.1
307 silly packumentCache full:https://registry.npmjs.org/etag cache-miss
308 http fetch GET 200 https://registry.npmjs.org/promisepipe 697ms (cache miss)
309 silly packumentCache full:https://registry.npmjs.org/promisepipe set size:undefined disposed:false
310 silly fetch manifest undici@5.28.4
311 silly packumentCache full:https://registry.npmjs.org/undici cache-miss
312 http cache https://registry.npmjs.org/undici 3ms (cache hit)
313 silly packumentCache full:https://registry.npmjs.org/undici set size:1264520 disposed:false
314 silly fetch manifest mime-types@2.1.35
315 silly packumentCache full:https://registry.npmjs.org/mime-types cache-miss
316 http fetch GET 200 https://registry.npmjs.org/uid-promise 338ms (cache miss)
317 silly packumentCache full:https://registry.npmjs.org/uid-promise set size:undefined disposed:false
318 silly fetch manifest node-fetch@2.6.9
319 silly packumentCache full:https://registry.npmjs.org/node-fetch cache-miss
320 http cache https://registry.npmjs.org/node-fetch 2ms (cache hit)
321 silly packumentCache full:https://registry.npmjs.org/node-fetch set size:896010 disposed:false
322 silly fetch manifest @types/node@20.11.0
323 silly packumentCache full:https://registry.npmjs.org/@types%2fnode cache-miss
324 http fetch GET 200 https://registry.npmjs.org/xdg-app-paths 348ms (cache miss)
325 silly packumentCache full:https://registry.npmjs.org/xdg-app-paths set size:undefined disposed:false
326 silly fetch manifest async-listen@3.0.0
327 silly packumentCache full:https://registry.npmjs.org/async-listen cache-miss
328 http fetch GET 200 https://registry.npmjs.org/etag 141ms (cache miss)
329 silly packumentCache full:https://registry.npmjs.org/etag set size:undefined disposed:false
330 silly fetch manifest edge-runtime@2.5.9
331 silly packumentCache full:https://registry.npmjs.org/edge-runtime cache-miss
332 http cache https://registry.npmjs.org/async-listen 2ms (cache hit)
333 silly packumentCache full:https://registry.npmjs.org/async-listen set size:27933 disposed:false
334 silly fetch manifest path-to-regexp@6.1.0
335 silly packumentCache full:https://registry.npmjs.org/path-to-regexp cache-hit
336 silly fetch manifest es-module-lexer@1.4.1
337 silly packumentCache full:https://registry.npmjs.org/es-module-lexer cache-miss
338 http fetch GET 200 https://registry.npmjs.org/mime-types 140ms (cache miss)
339 silly packumentCache full:https://registry.npmjs.org/mime-types set size:undefined disposed:false
340 silly fetch manifest @edge-runtime/vm@3.2.0
341 silly packumentCache full:https://registry.npmjs.org/@edge-runtime%2fvm cache-miss
342 http fetch GET 200 https://registry.npmjs.org/es-module-lexer 132ms (cache miss)
343 silly packumentCache full:https://registry.npmjs.org/es-module-lexer set size:undefined disposed:false
344 silly fetch manifest cjs-module-lexer@1.2.3
345 silly packumentCache full:https://registry.npmjs.org/cjs-module-lexer cache-miss
346 http fetch GET 200 https://registry.npmjs.org/@vercel%2fstatic-config 1401ms (cache miss)
347 silly packumentCache full:https://registry.npmjs.org/@vercel%2fstatic-config set size:undefined disposed:false
348 silly fetch manifest @vercel/error-utils@2.0.3
349 silly packumentCache full:https://registry.npmjs.org/@vercel%2ferror-utils cache-miss
350 http fetch GET 200 https://registry.npmjs.org/@edge-runtime%2fvm 151ms (cache miss)
351 silly packumentCache full:https://registry.npmjs.org/@edge-runtime%2fvm set size:undefined disposed:false
352 silly fetch manifest path-to-regexp-updated@npm:path-to-regexp@6.3.0
353 silly packumentCache full:https://registry.npmjs.org/path-to-regexp cache-hit
354 silly fetch manifest @edge-runtime/node-utils@2.3.0
355 silly packumentCache full:https://registry.npmjs.org/@edge-runtime%2fnode-utils cache-miss
356 http fetch GET 200 https://registry.npmjs.org/@vercel%2fstatic-config 1423ms (cache miss)
357 silly packumentCache full:https://registry.npmjs.org/@vercel%2fstatic-config set size:undefined disposed:false
358 silly fetch manifest @edge-runtime/primitives@4.1.0
359 silly packumentCache full:https://registry.npmjs.org/@edge-runtime%2fprimitives cache-miss
360 http fetch GET 200 https://registry.npmjs.org/cjs-module-lexer 136ms (cache miss)
361 silly packumentCache full:https://registry.npmjs.org/cjs-module-lexer set size:undefined disposed:false
362 silly fetch manifest semver@6.3.1
363 silly packumentCache full:https://registry.npmjs.org/semver cache-miss
364 http cache https://registry.npmjs.org/semver 2ms (cache hit)
365 silly packumentCache full:https://registry.npmjs.org/semver set size:229678 disposed:false
366 silly fetch manifest @vercel/error-utils@2.0.3
367 silly packumentCache full:https://registry.npmjs.org/@vercel%2ferror-utils cache-miss
368 http fetch GET 200 https://registry.npmjs.org/yauzl-promise 772ms (cache miss)
369 silly packumentCache full:https://registry.npmjs.org/yauzl-promise set size:undefined disposed:false
370 silly fetch manifest execa@5
371 silly packumentCache full:https://registry.npmjs.org/execa cache-miss
372 http cache https://registry.npmjs.org/execa 2ms (cache hit)
373 silly packumentCache full:https://registry.npmjs.org/execa set size:181234 disposed:false
374 silly fetch manifest @iarna/toml@^2.2.5
375 silly packumentCache full:https://registry.npmjs.org/@iarna%2ftoml cache-miss
376 http fetch GET 200 https://registry.npmjs.org/@iarna%2ftoml 171ms (cache miss)
377 silly packumentCache full:https://registry.npmjs.org/@iarna%2ftoml set size:undefined disposed:false
378 silly fetch manifest @vercel/gatsby-plugin-vercel-builder@2.0.132
379 silly packumentCache full:https://registry.npmjs.org/@vercel%2fgatsby-plugin-vercel-builder cache-miss
380 http fetch GET 200 https://registry.npmjs.org/@vercel%2ferror-utils 359ms (cache miss)
381 silly packumentCache full:https://registry.npmjs.org/@vercel%2ferror-utils set size:undefined disposed:false
382 silly fetch manifest @vercel/gatsby-plugin-vercel-analytics@1.0.11
383 silly packumentCache full:https://registry.npmjs.org/@vercel%2fgatsby-plugin-vercel-analytics cache-miss
384 http fetch GET 200 https://registry.npmjs.org/@vercel%2ferror-utils 423ms (cache miss)
385 silly packumentCache full:https://registry.npmjs.org/@vercel%2ferror-utils set size:undefined disposed:false
386 silly fetch manifest readdirp@^4.0.1
387 silly packumentCache full:https://registry.npmjs.org/readdirp cache-miss
388 http fetch GET 200 https://registry.npmjs.org/edge-runtime 749ms (cache miss)
389 silly packumentCache full:https://registry.npmjs.org/edge-runtime set size:undefined disposed:false
390 silly fetch manifest @esbuild/aix-ppc64@0.27.0
391 silly packumentCache full:https://registry.npmjs.org/@esbuild%2faix-ppc64 cache-miss
392 http fetch GET 200 https://registry.npmjs.org/@vercel%2fgatsby-plugin-vercel-builder 150ms (cache miss)
393 silly packumentCache full:https://registry.npmjs.org/@vercel%2fgatsby-plugin-vercel-builder set size:undefined disposed:false
394 silly fetch manifest @esbuild/linux-arm@0.27.0
395 silly packumentCache full:https://registry.npmjs.org/@esbuild%2flinux-arm cache-miss
396 http fetch GET 200 https://registry.npmjs.org/readdirp 124ms (cache miss)
397 silly packumentCache full:https://registry.npmjs.org/readdirp set size:undefined disposed:false
398 silly fetch manifest @esbuild/linux-x64@0.27.0
399 silly packumentCache full:https://registry.npmjs.org/@esbuild%2flinux-x64 cache-miss
400 http fetch GET 200 https://registry.npmjs.org/@vercel%2fgatsby-plugin-vercel-analytics 137ms (cache miss)
401 silly packumentCache full:https://registry.npmjs.org/@vercel%2fgatsby-plugin-vercel-analytics set size:undefined disposed:false
402 silly fetch manifest @esbuild/sunos-x64@0.27.0
403 silly packumentCache full:https://registry.npmjs.org/@esbuild%2fsunos-x64 cache-miss
404 http fetch GET 200 https://registry.npmjs.org/@edge-runtime%2fnode-utils 582ms (cache miss)
405 silly packumentCache full:https://registry.npmjs.org/@edge-runtime%2fnode-utils set size:undefined disposed:false
406 silly fetch manifest @esbuild/win32-x64@0.27.0
407 silly packumentCache full:https://registry.npmjs.org/@esbuild%2fwin32-x64 cache-miss
408 http fetch GET 200 https://registry.npmjs.org/@esbuild%2faix-ppc64 140ms (cache miss)
409 silly packumentCache full:https://registry.npmjs.org/@esbuild%2faix-ppc64 set size:undefined disposed:false
410 silly fetch manifest @esbuild/darwin-x64@0.27.0
411 silly packumentCache full:https://registry.npmjs.org/@esbuild%2fdarwin-x64 cache-miss
412 http fetch GET 200 https://registry.npmjs.org/@esbuild%2flinux-arm 153ms (cache miss)
413 silly packumentCache full:https://registry.npmjs.org/@esbuild%2flinux-arm set size:undefined disposed:false
414 silly fetch manifest @esbuild/linux-ia32@0.27.0
415 silly packumentCache full:https://registry.npmjs.org/@esbuild%2flinux-ia32 cache-miss
416 http fetch GET 200 https://registry.npmjs.org/@esbuild%2fsunos-x64 148ms (cache miss)
417 silly packumentCache full:https://registry.npmjs.org/@esbuild%2fsunos-x64 set size:undefined disposed:false
418 silly fetch manifest @esbuild/netbsd-x64@0.27.0
419 silly packumentCache full:https://registry.npmjs.org/@esbuild%2fnetbsd-x64 cache-miss
420 http fetch GET 200 https://registry.npmjs.org/@esbuild%2flinux-x64 204ms (cache miss)
421 silly packumentCache full:https://registry.npmjs.org/@esbuild%2flinux-x64 set size:undefined disposed:false
422 silly fetch manifest @esbuild/win32-ia32@0.27.0
423 silly packumentCache full:https://registry.npmjs.org/@esbuild%2fwin32-ia32 cache-miss
424 http fetch GET 200 https://registry.npmjs.org/@esbuild%2fwin32-x64 144ms (cache miss)
425 silly packumentCache full:https://registry.npmjs.org/@esbuild%2fwin32-x64 set size:undefined disposed:false
426 silly fetch manifest @esbuild/android-arm@0.27.0
427 silly packumentCache full:https://registry.npmjs.org/@esbuild%2fandroid-arm cache-miss
428 http fetch GET 200 https://registry.npmjs.org/@edge-runtime%2fprimitives 756ms (cache miss)
429 silly packumentCache full:https://registry.npmjs.org/@edge-runtime%2fprimitives set size:undefined disposed:false
430 silly fetch manifest @esbuild/android-x64@0.27.0
431 silly packumentCache full:https://registry.npmjs.org/@esbuild%2fandroid-x64 cache-miss
432 http fetch GET 200 https://registry.npmjs.org/@esbuild%2fdarwin-x64 141ms (cache miss)
433 silly packumentCache full:https://registry.npmjs.org/@esbuild%2fdarwin-x64 set size:undefined disposed:false
434 silly fetch manifest @esbuild/freebsd-x64@0.27.0
435 silly packumentCache full:https://registry.npmjs.org/@esbuild%2ffreebsd-x64 cache-miss
436 http fetch GET 200 https://registry.npmjs.org/@esbuild%2flinux-ia32 148ms (cache miss)
437 silly packumentCache full:https://registry.npmjs.org/@esbuild%2flinux-ia32 set size:undefined disposed:false
438 silly fetch manifest @esbuild/linux-arm64@0.27.0
439 silly packumentCache full:https://registry.npmjs.org/@esbuild%2flinux-arm64 cache-miss
440 http fetch GET 200 https://registry.npmjs.org/@esbuild%2fnetbsd-x64 151ms (cache miss)
441 silly packumentCache full:https://registry.npmjs.org/@esbuild%2fnetbsd-x64 set size:undefined disposed:false
442 silly fetch manifest @esbuild/linux-ppc64@0.27.0
443 silly packumentCache full:https://registry.npmjs.org/@esbuild%2flinux-ppc64 cache-miss
444 http fetch GET 200 https://registry.npmjs.org/@esbuild%2fandroid-arm 146ms (cache miss)
445 silly packumentCache full:https://registry.npmjs.org/@esbuild%2fandroid-arm set size:undefined disposed:false
446 silly fetch manifest @esbuild/linux-s390x@0.27.0
447 silly packumentCache full:https://registry.npmjs.org/@esbuild%2flinux-s390x cache-miss
448 http fetch GET 200 https://registry.npmjs.org/@esbuild%2fwin32-ia32 185ms (cache miss)
449 silly packumentCache full:https://registry.npmjs.org/@esbuild%2fwin32-ia32 set size:undefined disposed:false
450 silly fetch manifest @esbuild/openbsd-x64@0.27.0
451 silly packumentCache full:https://registry.npmjs.org/@esbuild%2fopenbsd-x64 cache-miss
452 http fetch GET 200 https://registry.npmjs.org/@esbuild%2fandroid-x64 135ms (cache miss)
453 silly packumentCache full:https://registry.npmjs.org/@esbuild%2fandroid-x64 set size:undefined disposed:false
454 silly fetch manifest @esbuild/win32-arm64@0.27.0
455 silly packumentCache full:https://registry.npmjs.org/@esbuild%2fwin32-arm64 cache-miss
456 http fetch GET 200 https://registry.npmjs.org/@esbuild%2ffreebsd-x64 146ms (cache miss)
457 silly packumentCache full:https://registry.npmjs.org/@esbuild%2ffreebsd-x64 set size:undefined disposed:false
458 silly fetch manifest @esbuild/darwin-arm64@0.27.0
459 silly packumentCache full:https://registry.npmjs.org/@esbuild%2fdarwin-arm64 cache-miss
460 http fetch GET 200 https://registry.npmjs.org/@esbuild%2flinux-arm64 143ms (cache miss)
461 silly packumentCache full:https://registry.npmjs.org/@esbuild%2flinux-arm64 set size:undefined disposed:false
462 silly fetch manifest @esbuild/netbsd-arm64@0.27.0
463 silly packumentCache full:https://registry.npmjs.org/@esbuild%2fnetbsd-arm64 cache-miss
464 http fetch GET 200 https://registry.npmjs.org/@esbuild%2flinux-ppc64 139ms (cache miss)
465 silly packumentCache full:https://registry.npmjs.org/@esbuild%2flinux-ppc64 set size:undefined disposed:false
466 silly fetch manifest @esbuild/android-arm64@0.27.0
467 silly packumentCache full:https://registry.npmjs.org/@esbuild%2fandroid-arm64 cache-miss
468 http fetch GET 200 https://registry.npmjs.org/@esbuild%2flinux-s390x 143ms (cache miss)
469 silly packumentCache full:https://registry.npmjs.org/@esbuild%2flinux-s390x set size:undefined disposed:false
470 silly fetch manifest @esbuild/freebsd-arm64@0.27.0
471 silly packumentCache full:https://registry.npmjs.org/@esbuild%2ffreebsd-arm64 cache-miss
472 http fetch GET 200 https://registry.npmjs.org/@esbuild%2fnetbsd-arm64 86ms (cache miss)
473 silly packumentCache full:https://registry.npmjs.org/@esbuild%2fnetbsd-arm64 set size:undefined disposed:false
474 silly fetch manifest @esbuild/linux-loong64@0.27.0
475 silly packumentCache full:https://registry.npmjs.org/@esbuild%2flinux-loong64 cache-miss
476 http fetch GET 200 https://registry.npmjs.org/@esbuild%2fwin32-arm64 137ms (cache miss)
477 silly packumentCache full:https://registry.npmjs.org/@esbuild%2fwin32-arm64 set size:undefined disposed:false
478 silly fetch manifest @esbuild/linux-riscv64@0.27.0
479 silly packumentCache full:https://registry.npmjs.org/@esbuild%2flinux-riscv64 cache-miss
480 http fetch GET 200 https://registry.npmjs.org/@esbuild%2fdarwin-arm64 145ms (cache miss)
481 silly packumentCache full:https://registry.npmjs.org/@esbuild%2fdarwin-arm64 set size:undefined disposed:false
482 silly fetch manifest @esbuild/openbsd-arm64@0.27.0
483 silly packumentCache full:https://registry.npmjs.org/@esbuild%2fopenbsd-arm64 cache-miss
484 http fetch GET 200 https://registry.npmjs.org/@esbuild%2fopenbsd-x64 185ms (cache miss)
485 silly packumentCache full:https://registry.npmjs.org/@esbuild%2fopenbsd-x64 set size:undefined disposed:false
486 silly fetch manifest @esbuild/linux-mips64el@0.27.0
487 silly packumentCache full:https://registry.npmjs.org/@esbuild%2flinux-mips64el cache-miss
488 http fetch GET 200 https://registry.npmjs.org/@esbuild%2fandroid-arm64 136ms (cache miss)
489 silly packumentCache full:https://registry.npmjs.org/@esbuild%2fandroid-arm64 set size:undefined disposed:false
490 silly fetch manifest @esbuild/openharmony-arm64@0.27.0
491 silly packumentCache full:https://registry.npmjs.org/@esbuild%2fopenharmony-arm64 cache-miss
492 http fetch GET 200 https://registry.npmjs.org/@esbuild%2fopenbsd-arm64 91ms (cache miss)
493 silly packumentCache full:https://registry.npmjs.org/@esbuild%2fopenbsd-arm64 set size:undefined disposed:false
494 silly fetch manifest asynckit@^0.4.0
495 silly packumentCache full:https://registry.npmjs.org/asynckit cache-miss
496 http fetch GET 200 https://registry.npmjs.org/@esbuild%2ffreebsd-arm64 157ms (cache miss)
497 silly packumentCache full:https://registry.npmjs.org/@esbuild%2ffreebsd-arm64 set size:undefined disposed:false
498 silly fetch manifest combined-stream@^1.0.8
499 silly packumentCache full:https://registry.npmjs.org/combined-stream cache-miss
500 http fetch GET 200 https://registry.npmjs.org/@esbuild%2flinux-loong64 150ms (cache miss)
501 silly packumentCache full:https://registry.npmjs.org/@esbuild%2flinux-loong64 set size:undefined disposed:false
502 silly fetch manifest es-set-tostringtag@^2.1.0
503 silly packumentCache full:https://registry.npmjs.org/es-set-tostringtag cache-miss
504 http fetch GET 200 https://registry.npmjs.org/@esbuild%2fopenharmony-arm64 99ms (cache miss)
505 silly packumentCache full:https://registry.npmjs.org/@esbuild%2fopenharmony-arm64 set size:undefined disposed:false
506 silly fetch manifest hasown@^2.0.2
507 silly packumentCache full:https://registry.npmjs.org/hasown cache-miss
508 http fetch GET 200 https://registry.npmjs.org/@esbuild%2flinux-riscv64 152ms (cache miss)
509 silly packumentCache full:https://registry.npmjs.org/@esbuild%2flinux-riscv64 set size:undefined disposed:false
510 silly fetch manifest mime-types@^2.1.12
511 silly packumentCache full:https://registry.npmjs.org/mime-types cache-miss
512 http cache https://registry.npmjs.org/mime-types 1ms (cache hit)
513 silly packumentCache full:https://registry.npmjs.org/mime-types set size:139110 disposed:false
514 http fetch GET 200 https://registry.npmjs.org/asynckit 80ms (cache miss)
515 silly packumentCache full:https://registry.npmjs.org/asynckit set size:undefined disposed:false
516 http fetch GET 200 https://registry.npmjs.org/@esbuild%2flinux-mips64el 173ms (cache miss)
517 silly packumentCache full:https://registry.npmjs.org/@esbuild%2flinux-mips64el set size:undefined disposed:false
518 http fetch GET 200 https://registry.npmjs.org/hasown 74ms (cache miss)
519 silly packumentCache full:https://registry.npmjs.org/hasown set size:undefined disposed:false
520 http fetch GET 200 https://registry.npmjs.org/combined-stream 127ms (cache miss)
521 silly packumentCache full:https://registry.npmjs.org/combined-stream set size:undefined disposed:false
522 http fetch GET 200 https://registry.npmjs.org/es-set-tostringtag 125ms (cache miss)
523 silly packumentCache full:https://registry.npmjs.org/es-set-tostringtag set size:undefined disposed:false
524 http fetch GET 200 https://registry.npmjs.org/@types%2fnode 1901ms (cache miss)
525 silly packumentCache full:https://registry.npmjs.org/@types%2fnode set size:undefined disposed:false
526 silly placeDep ROOT @vercel/nft@1.3.0 OK for: @vercel/backends@0.0.30 want: 1.3.0
527 silly placeDep ROOT execa@3.2.0 OK for: @vercel/backends@0.0.30 want: 3.2.0
528 silly placeDep ROOT fs-extra@11.1.0 OK for: @vercel/backends@0.0.30 want: 11.1.0
529 silly placeDep ROOT oxc-transform@0.111.0 OK for: @vercel/backends@0.0.30 want: 0.111.0
530 silly placeDep ROOT path-to-regexp@8.3.0 OK for: @vercel/backends@0.0.30 want: 8.3.0
531 silly placeDep ROOT resolve.exports@2.0.3 OK for: @vercel/backends@0.0.30 want: 2.0.3
532 silly placeDep ROOT rolldown@1.0.0-rc.1 OK for: @vercel/backends@0.0.30 want: 1.0.0-rc.1
533 silly placeDep ROOT srvx@0.8.9 OK for: @vercel/backends@0.0.30 want: 0.8.9
534 silly placeDep ROOT tsx@4.21.0 OK for: @vercel/backends@0.0.30 want: 4.21.0
535 silly placeDep ROOT zod@3.22.4 OK for: @vercel/backends@0.0.30 want: 3.22.4
536 silly fetch manifest glob@^13.0.0
537 silly packumentCache full:https://registry.npmjs.org/glob cache-miss
538 silly fetch manifest acorn@^8.6.0
539 silly packumentCache full:https://registry.npmjs.org/acorn cache-miss
540 silly fetch manifest bindings@^1.4.0
541 silly packumentCache full:https://registry.npmjs.org/bindings cache-miss
542 silly fetch manifest picomatch@^4.0.2
543 silly packumentCache full:https://registry.npmjs.org/picomatch cache-miss
544 silly fetch manifest async-sema@^3.1.1
545 silly packumentCache full:https://registry.npmjs.org/async-sema cache-miss
546 silly fetch manifest graceful-fs@^4.2.9
547 silly packumentCache full:https://registry.npmjs.org/graceful-fs cache-miss
548 silly fetch manifest resolve-from@^5.0.0
549 silly packumentCache full:https://registry.npmjs.org/resolve-from cache-miss
550 http fetch GET 200 https://registry.npmjs.org/bindings 132ms (cache miss)
551 silly packumentCache full:https://registry.npmjs.org/bindings set size:undefined disposed:false
552 silly fetch manifest estree-walker@2.0.2
553 silly packumentCache full:https://registry.npmjs.org/estree-walker cache-miss
554 http fetch GET 200 https://registry.npmjs.org/picomatch 134ms (cache miss)
555 silly packumentCache full:https://registry.npmjs.org/picomatch set size:undefined disposed:false
556 silly fetch manifest node-gyp-build@^4.2.2
557 silly packumentCache full:https://registry.npmjs.org/node-gyp-build cache-miss
558 http fetch GET 200 https://registry.npmjs.org/acorn 135ms (cache miss)
559 silly packumentCache full:https://registry.npmjs.org/acorn set size:undefined disposed:false
560 silly fetch manifest @rollup/pluginutils@^5.1.3
561 silly packumentCache full:https://registry.npmjs.org/@rollup%2fpluginutils cache-miss
562 http fetch GET 200 https://registry.npmjs.org/glob 137ms (cache miss)
563 silly packumentCache full:https://registry.npmjs.org/glob set size:undefined disposed:false
564 silly fetch manifest @mapbox/node-pre-gyp@^2.0.0
565 silly packumentCache full:https://registry.npmjs.org/@mapbox%2fnode-pre-gyp cache-miss
566 http fetch GET 200 https://registry.npmjs.org/resolve-from 140ms (cache miss)
567 silly packumentCache full:https://registry.npmjs.org/resolve-from set size:undefined disposed:false
568 silly fetch manifest acorn-import-attributes@^1.9.5
569 silly packumentCache full:https://registry.npmjs.org/acorn-import-attributes cache-miss
570 http fetch GET 200 https://registry.npmjs.org/acorn-import-attributes 75ms (cache miss)
571 silly packumentCache full:https://registry.npmjs.org/acorn-import-attributes set size:undefined disposed:false
572 silly fetch manifest onetime@^5.1.0
573 silly packumentCache full:https://registry.npmjs.org/onetime cache-miss
574 http fetch GET 200 https://registry.npmjs.org/node-gyp-build 125ms (cache miss)
575 silly packumentCache full:https://registry.npmjs.org/node-gyp-build set size:undefined disposed:false
576 silly fetch manifest is-stream@^2.0.0
577 silly packumentCache full:https://registry.npmjs.org/is-stream cache-miss
578 http fetch GET 200 https://registry.npmjs.org/estree-walker 132ms (cache miss)
579 silly packumentCache full:https://registry.npmjs.org/estree-walker set size:undefined disposed:false
580 silly fetch manifest p-finally@^2.0.0
581 silly packumentCache full:https://registry.npmjs.org/p-finally cache-miss
582 http fetch GET 200 https://registry.npmjs.org/onetime 78ms (cache miss)
583 silly packumentCache full:https://registry.npmjs.org/onetime set size:undefined disposed:false
584 silly fetch manifest get-stream@^5.0.0
585 silly packumentCache full:https://registry.npmjs.org/get-stream cache-miss
586 http fetch GET 200 https://registry.npmjs.org/p-finally 80ms (cache miss)
587 silly packumentCache full:https://registry.npmjs.org/p-finally set size:undefined disposed:false
588 silly fetch manifest cross-spawn@^7.0.0
589 silly packumentCache full:https://registry.npmjs.org/cross-spawn cache-miss
590 http fetch GET 200 https://registry.npmjs.org/graceful-fs 368ms (cache miss)
591 silly packumentCache full:https://registry.npmjs.org/graceful-fs set size:undefined disposed:false
592 silly fetch manifest signal-exit@^3.0.2
593 silly packumentCache full:https://registry.npmjs.org/signal-exit cache-miss
594 http fetch GET 200 https://registry.npmjs.org/is-stream 124ms (cache miss)
595 silly packumentCache full:https://registry.npmjs.org/is-stream set size:undefined disposed:false
596 silly fetch manifest merge-stream@^2.0.0
597 silly packumentCache full:https://registry.npmjs.org/merge-stream cache-miss
598 http fetch GET 200 https://registry.npmjs.org/get-stream 124ms (cache miss)
599 silly packumentCache full:https://registry.npmjs.org/get-stream set size:undefined disposed:false
600 silly fetch manifest npm-run-path@^4.0.0
601 silly packumentCache full:https://registry.npmjs.org/npm-run-path cache-miss
602 http fetch GET 200 https://registry.npmjs.org/cross-spawn 124ms (cache miss)
603 silly packumentCache full:https://registry.npmjs.org/cross-spawn set size:undefined disposed:false
604 silly fetch manifest human-signals@^1.1.1
605 silly packumentCache full:https://registry.npmjs.org/human-signals cache-miss
606 http fetch GET 200 https://registry.npmjs.org/@rollup%2fpluginutils 347ms (cache miss)
607 silly packumentCache full:https://registry.npmjs.org/@rollup%2fpluginutils set size:undefined disposed:false
608 silly fetch manifest strip-final-newline@^2.0.0
609 silly packumentCache full:https://registry.npmjs.org/strip-final-newline cache-miss
610 http fetch GET 200 https://registry.npmjs.org/@mapbox%2fnode-pre-gyp 360ms (cache miss)
611 silly packumentCache full:https://registry.npmjs.org/@mapbox%2fnode-pre-gyp set size:undefined disposed:false
612 silly fetch manifest jsonfile@^6.0.1
613 silly packumentCache full:https://registry.npmjs.org/jsonfile cache-miss
614 http fetch GET 200 https://registry.npmjs.org/merge-stream 121ms (cache miss)
615 silly packumentCache full:https://registry.npmjs.org/merge-stream set size:undefined disposed:false
616 silly fetch manifest graceful-fs@^4.2.0
617 silly packumentCache full:https://registry.npmjs.org/graceful-fs cache-miss
618 http cache https://registry.npmjs.org/graceful-fs 1ms (cache hit)
619 silly packumentCache full:https://registry.npmjs.org/graceful-fs set size:124285 disposed:false
620 silly fetch manifest universalify@^2.0.0
621 silly packumentCache full:https://registry.npmjs.org/universalify cache-miss
622 http fetch GET 200 https://registry.npmjs.org/signal-exit 169ms (cache miss)
623 silly packumentCache full:https://registry.npmjs.org/signal-exit set size:undefined disposed:false
624 silly fetch manifest @oxc-transform/binding-darwin-x64@0.111.0
625 silly packumentCache full:https://registry.npmjs.org/@oxc-transform%2fbinding-darwin-x64 cache-miss
626 http fetch GET 200 https://registry.npmjs.org/npm-run-path 122ms (cache miss)
627 silly packumentCache full:https://registry.npmjs.org/npm-run-path set size:undefined disposed:false
628 silly fetch manifest @oxc-transform/binding-freebsd-x64@0.111.0
629 silly packumentCache full:https://registry.npmjs.org/@oxc-transform%2fbinding-freebsd-x64 cache-miss
630 http fetch GET 200 https://registry.npmjs.org/strip-final-newline 82ms (cache miss)
631 silly packumentCache full:https://registry.npmjs.org/strip-final-newline set size:undefined disposed:false
632 silly fetch manifest @oxc-transform/binding-wasm32-wasi@0.111.0
633 silly packumentCache full:https://registry.npmjs.org/@oxc-transform%2fbinding-wasm32-wasi cache-miss
634 http fetch GET 200 https://registry.npmjs.org/human-signals 105ms (cache miss)
635 silly packumentCache full:https://registry.npmjs.org/human-signals set size:undefined disposed:false
636 silly fetch manifest @oxc-transform/binding-darwin-arm64@0.111.0
637 silly packumentCache full:https://registry.npmjs.org/@oxc-transform%2fbinding-darwin-arm64 cache-miss
638 http fetch GET 200 https://registry.npmjs.org/jsonfile 79ms (cache miss)
639 silly packumentCache full:https://registry.npmjs.org/jsonfile set size:undefined disposed:false
640 silly fetch manifest @oxc-transform/binding-android-arm64@0.111.0
641 silly packumentCache full:https://registry.npmjs.org/@oxc-transform%2fbinding-android-arm64 cache-miss
642 http fetch GET 200 https://registry.npmjs.org/universalify 85ms (cache miss)
643 silly packumentCache full:https://registry.npmjs.org/universalify set size:undefined disposed:false
644 silly fetch manifest @oxc-transform/binding-linux-x64-gnu@0.111.0
645 silly packumentCache full:https://registry.npmjs.org/@oxc-transform%2fbinding-linux-x64-gnu cache-miss
646 http fetch GET 200 https://registry.npmjs.org/@oxc-transform%2fbinding-wasm32-wasi 150ms (cache miss)
647 silly packumentCache full:https://registry.npmjs.org/@oxc-transform%2fbinding-wasm32-wasi set size:undefined disposed:false
648 silly fetch manifest @oxc-transform/binding-linux-x64-musl@0.111.0
649 silly packumentCache full:https://registry.npmjs.org/@oxc-transform%2fbinding-linux-x64-musl cache-miss
650 http fetch GET 200 https://registry.npmjs.org/async-sema 733ms (cache miss)
651 silly packumentCache full:https://registry.npmjs.org/async-sema set size:undefined disposed:false
652 silly fetch manifest @oxc-transform/binding-win32-x64-msvc@0.111.0
653 silly packumentCache full:https://registry.npmjs.org/@oxc-transform%2fbinding-win32-x64-msvc cache-miss
654 http fetch GET 200 https://registry.npmjs.org/@oxc-transform%2fbinding-linux-x64-musl 184ms (cache miss)
655 silly packumentCache full:https://registry.npmjs.org/@oxc-transform%2fbinding-linux-x64-musl set size:undefined disposed:false
656 silly fetch manifest @oxc-transform/binding-linux-arm64-gnu@0.111.0
657 silly packumentCache full:https://registry.npmjs.org/@oxc-transform%2fbinding-linux-arm64-gnu cache-miss
658 http fetch GET 200 https://registry.npmjs.org/@oxc-transform%2fbinding-darwin-arm64 371ms (cache miss)
659 silly packumentCache full:https://registry.npmjs.org/@oxc-transform%2fbinding-darwin-arm64 set size:undefined disposed:false
660 silly fetch manifest @oxc-transform/binding-linux-ppc64-gnu@0.111.0
661 silly packumentCache full:https://registry.npmjs.org/@oxc-transform%2fbinding-linux-ppc64-gnu cache-miss
662 http fetch GET 200 https://registry.npmjs.org/@oxc-transform%2fbinding-android-arm64 382ms (cache miss)
663 silly packumentCache full:https://registry.npmjs.org/@oxc-transform%2fbinding-android-arm64 set size:undefined disposed:false
664 silly fetch manifest @oxc-transform/binding-linux-s390x-gnu@0.111.0
665 silly packumentCache full:https://registry.npmjs.org/@oxc-transform%2fbinding-linux-s390x-gnu cache-miss
666 http fetch GET 200 https://registry.npmjs.org/@oxc-transform%2fbinding-win32-x64-msvc 357ms (cache miss)
667 silly packumentCache full:https://registry.npmjs.org/@oxc-transform%2fbinding-win32-x64-msvc set size:undefined disposed:false
668 silly fetch manifest @oxc-transform/binding-win32-ia32-msvc@0.111.0
669 silly packumentCache full:https://registry.npmjs.org/@oxc-transform%2fbinding-win32-ia32-msvc cache-miss
670 http fetch GET 200 https://registry.npmjs.org/@oxc-transform%2fbinding-linux-arm64-gnu 191ms (cache miss)
671 silly packumentCache full:https://registry.npmjs.org/@oxc-transform%2fbinding-linux-arm64-gnu set size:undefined disposed:false
672 silly fetch manifest @oxc-transform/binding-android-arm-eabi@0.111.0
673 silly packumentCache full:https://registry.npmjs.org/@oxc-transform%2fbinding-android-arm-eabi cache-miss
674 http fetch GET 200 https://registry.npmjs.org/@oxc-transform%2fbinding-linux-s390x-gnu 345ms (cache miss)
675 silly packumentCache full:https://registry.npmjs.org/@oxc-transform%2fbinding-linux-s390x-gnu set size:undefined disposed:false
676 silly fetch manifest @oxc-transform/binding-linux-arm64-musl@0.111.0
677 silly packumentCache full:https://registry.npmjs.org/@oxc-transform%2fbinding-linux-arm64-musl cache-miss
678 http fetch GET 200 https://registry.npmjs.org/@oxc-transform%2fbinding-android-arm-eabi 302ms (cache miss)
679 silly packumentCache full:https://registry.npmjs.org/@oxc-transform%2fbinding-android-arm-eabi set size:undefined disposed:false
680 silly fetch manifest @oxc-transform/binding-win32-arm64-msvc@0.111.0
681 silly packumentCache full:https://registry.npmjs.org/@oxc-transform%2fbinding-win32-arm64-msvc cache-miss
682 http fetch GET 200 https://registry.npmjs.org/@oxc-transform%2fbinding-win32-ia32-msvc 712ms (cache miss)
683 silly packumentCache full:https://registry.npmjs.org/@oxc-transform%2fbinding-win32-ia32-msvc set size:undefined disposed:false
684 silly fetch manifest @oxc-transform/binding-linux-riscv64-gnu@0.111.0
685 silly packumentCache full:https://registry.npmjs.org/@oxc-transform%2fbinding-linux-riscv64-gnu cache-miss
686 http fetch GET 200 https://registry.npmjs.org/@oxc-transform%2fbinding-linux-ppc64-gnu 929ms (cache miss)
687 silly packumentCache full:https://registry.npmjs.org/@oxc-transform%2fbinding-linux-ppc64-gnu set size:undefined disposed:false
688 silly fetch manifest @oxc-transform/binding-openharmony-arm64@0.111.0
689 silly packumentCache full:https://registry.npmjs.org/@oxc-transform%2fbinding-openharmony-arm64 cache-miss
690 http fetch GET 200 https://registry.npmjs.org/@oxc-transform%2fbinding-freebsd-x64 1352ms (cache miss)
691 silly packumentCache full:https://registry.npmjs.org/@oxc-transform%2fbinding-freebsd-x64 set size:undefined disposed:false
692 silly fetch manifest @oxc-transform/binding-linux-riscv64-musl@0.111.0
693 silly packumentCache full:https://registry.npmjs.org/@oxc-transform%2fbinding-linux-riscv64-musl cache-miss
694 http fetch GET 200 https://registry.npmjs.org/@oxc-transform%2fbinding-linux-riscv64-musl 93ms (cache miss)
695 silly packumentCache full:https://registry.npmjs.org/@oxc-transform%2fbinding-linux-riscv64-musl set size:undefined disposed:false
696 silly fetch manifest @oxc-transform/binding-linux-arm-gnueabihf@0.111.0
697 silly packumentCache full:https://registry.npmjs.org/@oxc-transform%2fbinding-linux-arm-gnueabihf cache-miss
698 http fetch GET 200 https://registry.npmjs.org/@oxc-transform%2fbinding-linux-x64-gnu 1449ms (cache miss)
699 silly packumentCache full:https://registry.npmjs.org/@oxc-transform%2fbinding-linux-x64-gnu set size:undefined disposed:false
700 silly fetch manifest @oxc-transform/binding-linux-arm-musleabihf@0.111.0
701 silly packumentCache full:https://registry.npmjs.org/@oxc-transform%2fbinding-linux-arm-musleabihf cache-miss
702 http fetch GET 200 https://registry.npmjs.org/@oxc-transform%2fbinding-darwin-x64 1521ms (cache miss)
703 silly packumentCache full:https://registry.npmjs.org/@oxc-transform%2fbinding-darwin-x64 set size:undefined disposed:false
704 silly fetch manifest @oxc-project/types@=0.110.0
705 silly packumentCache full:https://registry.npmjs.org/@oxc-project%2ftypes cache-miss
706 http fetch GET 200 https://registry.npmjs.org/@oxc-transform%2fbinding-linux-arm-musleabihf 136ms (cache miss)
707 silly packumentCache full:https://registry.npmjs.org/@oxc-transform%2fbinding-linux-arm-musleabihf set size:undefined disposed:false
708 silly fetch manifest @rolldown/pluginutils@1.0.0-rc.1
709 silly packumentCache full:https://registry.npmjs.org/@rolldown%2fpluginutils cache-miss
710 http fetch GET 200 https://registry.npmjs.org/@oxc-transform%2fbinding-win32-arm64-msvc 782ms (cache miss)
711 silly packumentCache full:https://registry.npmjs.org/@oxc-transform%2fbinding-win32-arm64-msvc set size:undefined disposed:false
712 silly fetch manifest @rolldown/binding-darwin-x64@1.0.0-rc.1
713 silly packumentCache full:https://registry.npmjs.org/@rolldown%2fbinding-darwin-x64 cache-miss
714 http fetch GET 200 https://registry.npmjs.org/@oxc-project%2ftypes 234ms (cache miss)
715 silly packumentCache full:https://registry.npmjs.org/@oxc-project%2ftypes set size:undefined disposed:false
716 silly fetch manifest @rolldown/binding-freebsd-x64@1.0.0-rc.1
717 silly packumentCache full:https://registry.npmjs.org/@rolldown%2fbinding-freebsd-x64 cache-miss
718 http fetch GET 200 https://registry.npmjs.org/@oxc-transform%2fbinding-linux-arm64-musl 993ms (cache miss)
719 silly packumentCache full:https://registry.npmjs.org/@oxc-transform%2fbinding-linux-arm64-musl set size:undefined disposed:false
720 silly fetch manifest @rolldown/binding-wasm32-wasi@1.0.0-rc.1
721 silly packumentCache full:https://registry.npmjs.org/@rolldown%2fbinding-wasm32-wasi cache-miss
722 http fetch GET 200 https://registry.npmjs.org/@rolldown%2fbinding-darwin-x64 139ms (cache miss)
723 silly packumentCache full:https://registry.npmjs.org/@rolldown%2fbinding-darwin-x64 set size:undefined disposed:false
724 silly fetch manifest @rolldown/binding-darwin-arm64@1.0.0-rc.1
725 silly packumentCache full:https://registry.npmjs.org/@rolldown%2fbinding-darwin-arm64 cache-miss
726 http fetch GET 200 https://registry.npmjs.org/@rolldown%2fpluginutils 160ms (cache miss)
727 silly packumentCache full:https://registry.npmjs.org/@rolldown%2fpluginutils set size:undefined disposed:false
728 silly fetch manifest @rolldown/binding-android-arm64@1.0.0-rc.1
729 silly packumentCache full:https://registry.npmjs.org/@rolldown%2fbinding-android-arm64 cache-miss
730 http fetch GET 200 https://registry.npmjs.org/@oxc-transform%2fbinding-linux-arm-gnueabihf 363ms (cache miss)
731 silly packumentCache full:https://registry.npmjs.org/@oxc-transform%2fbinding-linux-arm-gnueabihf set size:undefined disposed:false
732 silly fetch manifest @rolldown/binding-linux-x64-gnu@1.0.0-rc.1
733 silly packumentCache full:https://registry.npmjs.org/@rolldown%2fbinding-linux-x64-gnu cache-miss
734 http fetch GET 200 https://registry.npmjs.org/@oxc-transform%2fbinding-openharmony-arm64 573ms (cache miss)
735 silly packumentCache full:https://registry.npmjs.org/@oxc-transform%2fbinding-openharmony-arm64 set size:undefined disposed:false
736 silly fetch manifest @rolldown/binding-linux-x64-musl@1.0.0-rc.1
737 silly packumentCache full:https://registry.npmjs.org/@rolldown%2fbinding-linux-x64-musl cache-miss
738 http fetch GET 200 https://registry.npmjs.org/@rolldown%2fbinding-wasm32-wasi 155ms (cache miss)
739 silly packumentCache full:https://registry.npmjs.org/@rolldown%2fbinding-wasm32-wasi set size:undefined disposed:false
740 silly fetch manifest @rolldown/binding-win32-x64-msvc@1.0.0-rc.1
741 silly packumentCache full:https://registry.npmjs.org/@rolldown%2fbinding-win32-x64-msvc cache-miss
742 http fetch GET 200 https://registry.npmjs.org/@rolldown%2fbinding-darwin-arm64 147ms (cache miss)
743 silly packumentCache full:https://registry.npmjs.org/@rolldown%2fbinding-darwin-arm64 set size:undefined disposed:false
744 silly fetch manifest @rolldown/binding-linux-arm64-gnu@1.0.0-rc.1
745 silly packumentCache full:https://registry.npmjs.org/@rolldown%2fbinding-linux-arm64-gnu cache-miss
746 http fetch GET 200 https://registry.npmjs.org/@oxc-transform%2fbinding-linux-riscv64-gnu 761ms (cache miss)
747 silly packumentCache full:https://registry.npmjs.org/@oxc-transform%2fbinding-linux-riscv64-gnu set size:undefined disposed:false
748 silly fetch manifest @rolldown/binding-linux-arm64-musl@1.0.0-rc.1
749 silly packumentCache full:https://registry.npmjs.org/@rolldown%2fbinding-linux-arm64-musl cache-miss
750 http fetch GET 200 https://registry.npmjs.org/@rolldown%2fbinding-linux-arm64-musl 153ms (cache miss)
751 silly packumentCache full:https://registry.npmjs.org/@rolldown%2fbinding-linux-arm64-musl set size:undefined disposed:false
752 silly fetch manifest @rolldown/binding-win32-arm64-msvc@1.0.0-rc.1
753 silly packumentCache full:https://registry.npmjs.org/@rolldown%2fbinding-win32-arm64-msvc cache-miss
754 http fetch GET 200 https://registry.npmjs.org/@rolldown%2fbinding-linux-x64-gnu 422ms (cache miss)
755 silly packumentCache full:https://registry.npmjs.org/@rolldown%2fbinding-linux-x64-gnu set size:undefined disposed:false
756 silly fetch manifest @rolldown/binding-openharmony-arm64@1.0.0-rc.1
757 silly packumentCache full:https://registry.npmjs.org/@rolldown%2fbinding-openharmony-arm64 cache-miss
758 http fetch GET 200 https://registry.npmjs.org/@rolldown%2fbinding-freebsd-x64 490ms (cache miss)
759 silly packumentCache full:https://registry.npmjs.org/@rolldown%2fbinding-freebsd-x64 set size:undefined disposed:false
760 silly fetch manifest @rolldown/binding-linux-arm-gnueabihf@1.0.0-rc.1
761 silly packumentCache full:https://registry.npmjs.org/@rolldown%2fbinding-linux-arm-gnueabihf cache-miss
762 http fetch GET 200 https://registry.npmjs.org/@rolldown%2fbinding-linux-arm64-gnu 350ms (cache miss)
763 silly packumentCache full:https://registry.npmjs.org/@rolldown%2fbinding-linux-arm64-gnu set size:undefined disposed:false
764 silly fetch manifest cookie-es@^2.0.0
765 silly packumentCache full:https://registry.npmjs.org/cookie-es cache-miss
766 http fetch GET 200 https://registry.npmjs.org/@rolldown%2fbinding-win32-arm64-msvc 138ms (cache miss)
767 silly packumentCache full:https://registry.npmjs.org/@rolldown%2fbinding-win32-arm64-msvc set size:undefined disposed:false
768 silly fetch manifest get-tsconfig@^4.7.5
769 silly packumentCache full:https://registry.npmjs.org/get-tsconfig cache-miss
770 http fetch GET 200 https://registry.npmjs.org/@rolldown%2fbinding-openharmony-arm64 152ms (cache miss)
771 silly packumentCache full:https://registry.npmjs.org/@rolldown%2fbinding-openharmony-arm64 set size:undefined disposed:false
772 silly fetch manifest fsevents@~2.3.3
773 silly packumentCache full:https://registry.npmjs.org/fsevents cache-miss
774 http fetch GET 200 https://registry.npmjs.org/cookie-es 153ms (cache miss)
775 silly packumentCache full:https://registry.npmjs.org/cookie-es set size:undefined disposed:false
776 http fetch GET 200 https://registry.npmjs.org/get-tsconfig 123ms (cache miss)
777 silly packumentCache full:https://registry.npmjs.org/get-tsconfig set size:undefined disposed:false
778 http fetch GET 200 https://registry.npmjs.org/fsevents 146ms (cache miss)
779 silly packumentCache full:https://registry.npmjs.org/fsevents set size:undefined disposed:false
780 http fetch GET 200 https://registry.npmjs.org/@rolldown%2fbinding-android-arm64 971ms (cache miss)
781 silly packumentCache full:https://registry.npmjs.org/@rolldown%2fbinding-android-arm64 set size:undefined disposed:false
782 http fetch GET 200 https://registry.npmjs.org/@rolldown%2fbinding-linux-arm-gnueabihf 563ms (cache miss)
783 silly packumentCache full:https://registry.npmjs.org/@rolldown%2fbinding-linux-arm-gnueabihf set size:undefined disposed:false
784 http fetch GET 200 https://registry.npmjs.org/@rolldown%2fbinding-win32-x64-msvc 914ms (cache miss)
785 silly packumentCache full:https://registry.npmjs.org/@rolldown%2fbinding-win32-x64-msvc set size:undefined disposed:false
786 http fetch GET 200 https://registry.npmjs.org/@rolldown%2fbinding-linux-x64-musl 1134ms (cache miss)
787 silly packumentCache full:https://registry.npmjs.org/@rolldown%2fbinding-linux-x64-musl set size:undefined disposed:false
788 silly placeDep ROOT async-retry@1.3.3 OK for: @vercel/blob@1.0.2 want: ^1.3.3
789 silly placeDep ROOT is-buffer@2.0.5 OK for: @vercel/blob@1.0.2 want: ^2.0.5
790 silly placeDep ROOT is-node-process@1.2.0 OK for: @vercel/blob@1.0.2 want: ^1.2.0
791 silly placeDep ROOT throttleit@2.1.0 OK for: @vercel/blob@1.0.2 want: ^2.1.0
792 silly placeDep ROOT undici@5.29.0 OK for: @vercel/blob@1.0.2 want: ^5.28.4
793 silly fetch manifest retry@0.13.1
794 silly packumentCache full:https://registry.npmjs.org/retry cache-miss
795 silly fetch manifest @fastify/busboy@^2.0.0
796 silly packumentCache full:https://registry.npmjs.org/@fastify%2fbusboy cache-miss
797 http fetch GET 200 https://registry.npmjs.org/retry 143ms (cache miss)
798 silly packumentCache full:https://registry.npmjs.org/retry set size:undefined disposed:false
799 http fetch GET 200 https://registry.npmjs.org/@fastify%2fbusboy 144ms (cache miss)
800 silly packumentCache full:https://registry.npmjs.org/@fastify%2fbusboy set size:undefined disposed:false
801 silly placeDep ROOT @vercel/python-analysis@0.3.2 OK for: @vercel/build-utils@13.3.3 want: 0.3.2
802 silly fetch manifest js-yaml@4.1.1
803 silly packumentCache full:https://registry.npmjs.org/js-yaml cache-miss
804 silly fetch manifest fs-extra@11.1.1
805 silly packumentCache full:https://registry.npmjs.org/fs-extra cache-miss
806 silly fetch manifest minimatch@10.1.1
807 silly packumentCache full:https://registry.npmjs.org/minimatch cache-miss
808 silly fetch manifest smol-toml@1.5.2
809 silly packumentCache full:https://registry.npmjs.org/smol-toml cache-miss
810 silly fetch manifest @renovatebot/pep440@4.2.1
811 silly packumentCache full:https://registry.npmjs.org/@renovatebot%2fpep440 cache-miss
812 silly fetch manifest pip-requirements-js@1.0.2
813 silly packumentCache full:https://registry.npmjs.org/pip-requirements-js cache-miss
814 silly fetch manifest @bytecodealliance/preview2-shim@0.17.6
815 silly packumentCache full:https://registry.npmjs.org/@bytecodealliance%2fpreview2-shim cache-miss
816 http cache https://registry.npmjs.org/fs-extra 6ms (cache hit)
817 silly packumentCache full:https://registry.npmjs.org/fs-extra set size:230266 disposed:false
818 http fetch GET 200 https://registry.npmjs.org/pip-requirements-js 85ms (cache miss)
819 silly packumentCache full:https://registry.npmjs.org/pip-requirements-js set size:undefined disposed:false
820 http fetch GET 200 https://registry.npmjs.org/js-yaml 123ms (cache miss)
821 silly packumentCache full:https://registry.npmjs.org/js-yaml set size:undefined disposed:false
822 http fetch GET 200 https://registry.npmjs.org/smol-toml 133ms (cache miss)
823 silly packumentCache full:https://registry.npmjs.org/smol-toml set size:undefined disposed:false
824 http fetch GET 200 https://registry.npmjs.org/minimatch 170ms (cache miss)
825 silly packumentCache full:https://registry.npmjs.org/minimatch set size:undefined disposed:false
826 http fetch GET 200 https://registry.npmjs.org/@bytecodealliance%2fpreview2-shim 331ms (cache miss)
827 silly packumentCache full:https://registry.npmjs.org/@bytecodealliance%2fpreview2-shim set size:undefined disposed:false
828 http fetch GET 200 https://registry.npmjs.org/@renovatebot%2fpep440 527ms (cache miss)
829 silly packumentCache full:https://registry.npmjs.org/@renovatebot%2fpep440 set size:undefined disposed:false
830 silly placeDep ROOT @vercel/static-config@3.1.2 OK for: @vercel/elysia@0.1.32 want: 3.1.2
831 silly fetch manifest ajv@8.6.3
832 silly packumentCache full:https://registry.npmjs.org/ajv cache-miss
833 silly fetch manifest json-schema-to-ts@1.6.4
834 silly packumentCache full:https://registry.npmjs.org/json-schema-to-ts cache-miss
835 http fetch GET 200 https://registry.npmjs.org/ajv 120ms (cache miss)
836 silly packumentCache full:https://registry.npmjs.org/ajv set size:undefined disposed:false
837 http fetch GET 200 https://registry.npmjs.org/json-schema-to-ts 158ms (cache miss)
838 silly packumentCache full:https://registry.npmjs.org/json-schema-to-ts set size:undefined disposed:false
839 silly placeDep ROOT @vercel/cervel@0.0.17 OK for: @vercel/express@0.1.41 want: 0.0.17
840 silly placeDep node_modules/@vercel/express @vercel/nft@1.1.1 OK for: @vercel/express@0.1.41 want: 1.1.1
841 silly placeDep ROOT ts-morph@12.0.0 OK for: @vercel/express@0.1.41 want: 12.0.0
842 silly fetch manifest @ts-morph/common@~0.11.0
843 silly packumentCache full:https://registry.npmjs.org/@ts-morph%2fcommon cache-miss
844 silly fetch manifest code-block-writer@^10.1.1
845 silly packumentCache full:https://registry.npmjs.org/code-block-writer cache-miss
846 http fetch GET 200 https://registry.npmjs.org/@ts-morph%2fcommon 147ms (cache miss)
847 silly packumentCache full:https://registry.npmjs.org/@ts-morph%2fcommon set size:undefined disposed:false
848 http fetch GET 200 https://registry.npmjs.org/code-block-writer 169ms (cache miss)
849 silly packumentCache full:https://registry.npmjs.org/code-block-writer set size:undefined disposed:false
850 silly fetch manifest encoding@^0.1.0
851 silly packumentCache full:https://registry.npmjs.org/encoding cache-miss
852 http fetch GET 200 https://registry.npmjs.org/encoding 79ms (cache miss)
853 silly packumentCache full:https://registry.npmjs.org/encoding set size:undefined disposed:false
854 silly placeDep ROOT @tootallnate/once@2.0.0 OK for: @vercel/fun@1.3.0 want: 2.0.0
855 silly placeDep ROOT async-listen@1.2.0 OK for: @vercel/fun@1.3.0 want: 1.2.0
856 silly placeDep ROOT debug@4.3.4 OK for: @vercel/fun@1.3.0 want: 4.3.4
857 silly placeDep ROOT generic-pool@3.4.2 OK for: @vercel/fun@1.3.0 want: 3.4.2
858 silly placeDep ROOT micro@9.3.5-canary.3 OK for: @vercel/fun@1.3.0 want: 9.3.5-canary.3
859 silly placeDep ROOT ms@2.1.1 OK for: @vercel/fun@1.3.0 want: 2.1.1
860 silly placeDep ROOT node-fetch@2.6.7 OK for: @vercel/fun@1.3.0 want: 2.6.7
861 silly placeDep node_modules/@vercel/fun path-to-regexp@8.2.0 OK for: @vercel/fun@1.3.0 want: 8.2.0
862 silly placeDep ROOT promisepipe@3.0.0 OK for: @vercel/fun@1.3.0 want: 3.0.0
863 silly placeDep ROOT semver@7.5.4 OK for: @vercel/fun@1.3.0 want: 7.5.4
864 silly placeDep ROOT stat-mode@0.3.0 OK for: @vercel/fun@1.3.0 want: 0.3.0
865 silly placeDep ROOT stream-to-promise@2.2.0 OK for: @vercel/fun@1.3.0 want: 2.2.0
866 silly placeDep ROOT tar@7.5.7 OK for: @vercel/fun@1.3.0 want: 7.5.7
867 silly placeDep ROOT tinyexec@0.3.2 OK for: @vercel/fun@1.3.0 want: 0.3.2
868 silly placeDep ROOT tree-kill@1.2.2 OK for: @vercel/fun@1.3.0 want: 1.2.2
869 silly placeDep ROOT uid-promise@1.0.0 OK for: @vercel/fun@1.3.0 want: 1.0.0
870 silly placeDep ROOT xdg-app-paths@5.1.0 OK for: @vercel/fun@1.3.0 want: 5.1.0
871 silly placeDep ROOT yauzl-promise@2.1.3 OK for: @vercel/fun@1.3.0 want: 2.1.3
872 silly fetch manifest ms@2.1.2
873 silly packumentCache full:https://registry.npmjs.org/ms cache-miss
874 silly fetch manifest arg@4.1.0
875 silly packumentCache full:https://registry.npmjs.org/arg cache-miss
876 silly fetch manifest raw-body@2.4.1
877 silly packumentCache full:https://registry.npmjs.org/raw-body cache-miss
878 silly fetch manifest content-type@1.0.4
879 silly packumentCache full:https://registry.npmjs.org/content-type cache-miss
880 silly fetch manifest whatwg-url@^5.0.0
881 silly packumentCache full:https://registry.npmjs.org/whatwg-url cache-miss
882 silly fetch manifest lru-cache@^6.0.0
883 silly packumentCache full:https://registry.npmjs.org/lru-cache cache-miss
884 silly fetch manifest any-promise@~1.3.0
885 silly packumentCache full:https://registry.npmjs.org/any-promise cache-miss
886 http cache https://registry.npmjs.org/ms 4ms (cache hit)
887 silly packumentCache full:https://registry.npmjs.org/ms set size:92208 disposed:false
888 silly fetch manifest end-of-stream@~1.1.0
889 silly packumentCache full:https://registry.npmjs.org/end-of-stream cache-miss
890 http fetch GET 200 https://registry.npmjs.org/end-of-stream 90ms (cache miss)
891 silly packumentCache full:https://registry.npmjs.org/end-of-stream set size:undefined disposed:false
892 silly fetch manifest stream-to-array@~2.3.0
893 silly packumentCache full:https://registry.npmjs.org/stream-to-array cache-miss
894 http fetch GET 200 https://registry.npmjs.org/any-promise 96ms (cache miss)
895 silly packumentCache full:https://registry.npmjs.org/any-promise set size:undefined disposed:false
896 silly fetch manifest chownr@^3.0.0
897 silly packumentCache full:https://registry.npmjs.org/chownr cache-miss
898 http fetch GET 200 https://registry.npmjs.org/arg 121ms (cache miss)
899 silly packumentCache full:https://registry.npmjs.org/arg set size:undefined disposed:false
900 silly fetch manifest yallist@^5.0.0
901 silly packumentCache full:https://registry.npmjs.org/yallist cache-miss
902 http fetch GET 200 https://registry.npmjs.org/whatwg-url 123ms (cache miss)
903 silly packumentCache full:https://registry.npmjs.org/whatwg-url set size:undefined disposed:false
904 silly fetch manifest minipass@^7.1.2
905 silly packumentCache full:https://registry.npmjs.org/minipass cache-miss
906 http fetch GET 200 https://registry.npmjs.org/content-type 133ms (cache miss)
907 silly packumentCache full:https://registry.npmjs.org/content-type set size:undefined disposed:false
908 silly fetch manifest minizlib@^3.1.0
909 silly packumentCache full:https://registry.npmjs.org/minizlib cache-miss
910 http fetch GET 200 https://registry.npmjs.org/raw-body 134ms (cache miss)
911 silly packumentCache full:https://registry.npmjs.org/raw-body set size:undefined disposed:false
912 silly fetch manifest @isaacs/fs-minipass@^4.0.0
913 silly packumentCache full:https://registry.npmjs.org/@isaacs%2ffs-minipass cache-miss
914 http fetch GET 200 https://registry.npmjs.org/yallist 82ms (cache miss)
915 silly packumentCache full:https://registry.npmjs.org/yallist set size:undefined disposed:false
916 silly fetch manifest xdg-portable@^7.0.0
917 silly packumentCache full:https://registry.npmjs.org/xdg-portable cache-miss
918 http fetch GET 200 https://registry.npmjs.org/lru-cache 214ms (cache miss)
919 silly packumentCache full:https://registry.npmjs.org/lru-cache set size:undefined disposed:false
920 silly fetch manifest yauzl@^2.9.1
921 silly packumentCache full:https://registry.npmjs.org/yauzl cache-miss
922 http fetch GET 200 https://registry.npmjs.org/chownr 127ms (cache miss)
923 silly packumentCache full:https://registry.npmjs.org/chownr set size:undefined disposed:false
924 silly fetch manifest yauzl-clone@^1.0.4
925 silly packumentCache full:https://registry.npmjs.org/yauzl-clone cache-miss
926 http fetch GET 200 https://registry.npmjs.org/@isaacs%2ffs-minipass 95ms (cache miss)
927 silly packumentCache full:https://registry.npmjs.org/@isaacs%2ffs-minipass set size:undefined disposed:false
928 http fetch GET 200 https://registry.npmjs.org/minizlib 143ms (cache miss)
929 silly packumentCache full:https://registry.npmjs.org/minizlib set size:undefined disposed:false
930 http fetch GET 200 https://registry.npmjs.org/minipass 186ms (cache miss)
931 silly packumentCache full:https://registry.npmjs.org/minipass set size:undefined disposed:false
932 http fetch GET 200 https://registry.npmjs.org/yauzl-clone 88ms (cache miss)
933 silly packumentCache full:https://registry.npmjs.org/yauzl-clone set size:undefined disposed:false
934 http fetch GET 200 https://registry.npmjs.org/yauzl 132ms (cache miss)
935 silly packumentCache full:https://registry.npmjs.org/yauzl set size:undefined disposed:false
936 http fetch GET 200 https://registry.npmjs.org/xdg-portable 147ms (cache miss)
937 silly packumentCache full:https://registry.npmjs.org/xdg-portable set size:undefined disposed:false
938 http fetch GET 200 https://registry.npmjs.org/stream-to-array 281ms (cache miss)
939 silly packumentCache full:https://registry.npmjs.org/stream-to-array set size:undefined disposed:false
940 silly placeDep node_modules/@vercel/hono @vercel/nft@1.1.1 OK for: @vercel/hono@0.2.35 want: 1.1.1
941 silly placeDep node_modules/@vercel/next @vercel/nft@1.1.1 OK for: @vercel/next@4.15.27 want: 1.1.1
942 silly fetch manifest rollup@^1.20.0||^2.0.0||^3.0.0||^4.0.0
943 silly packumentCache full:https://registry.npmjs.org/rollup cache-miss
944 http fetch GET 200 https://registry.npmjs.org/rollup 240ms (cache miss)
945 silly packumentCache full:https://registry.npmjs.org/rollup set size:undefined disposed:false
946 silly placeDep ROOT @mapbox/node-pre-gyp@2.0.3 OK for: @vercel/nft@1.3.0 want: ^2.0.0
947 silly placeDep ROOT @rollup/pluginutils@5.3.0 OK for: @vercel/nft@1.3.0 want: ^5.1.3
948 silly placeDep ROOT acorn@8.15.0 OK for: @vercel/nft@1.3.0 want: ^8.6.0
949 silly placeDep ROOT acorn-import-attributes@1.9.5 OK for: @vercel/nft@1.3.0 want: ^1.9.5
950 silly placeDep ROOT async-sema@3.1.1 OK for: @vercel/nft@1.3.0 want: ^3.1.1
951 silly placeDep ROOT bindings@1.5.0 OK for: @vercel/nft@1.3.0 want: ^1.4.0
952 silly placeDep ROOT estree-walker@2.0.2 OK for: @vercel/nft@1.3.0 want: 2.0.2
953 silly placeDep ROOT glob@13.0.1 OK for: @vercel/nft@1.3.0 want: ^13.0.0
954 silly placeDep ROOT graceful-fs@4.2.11 OK for: @vercel/nft@1.3.0 want: ^4.2.9
955 silly placeDep ROOT node-gyp-build@4.8.4 OK for: @vercel/nft@1.3.0 want: ^4.2.2
956 silly placeDep ROOT picomatch@4.0.3 OK for: @vercel/nft@1.3.0 want: ^4.0.2
957 silly placeDep ROOT resolve-from@5.0.0 OK for: @vercel/nft@1.3.0 want: ^5.0.0
958 silly fetch manifest nopt@^8.0.0
959 silly packumentCache full:https://registry.npmjs.org/nopt cache-miss
960 silly fetch manifest consola@^3.2.3
961 silly packumentCache full:https://registry.npmjs.org/consola cache-miss
962 silly fetch manifest detect-libc@^2.0.0
963 silly packumentCache full:https://registry.npmjs.org/detect-libc cache-miss
964 silly fetch manifest https-proxy-agent@^7.0.5
965 silly packumentCache full:https://registry.npmjs.org/https-proxy-agent cache-miss
966 silly fetch manifest @types/estree@^1.0.0
967 silly packumentCache full:https://registry.npmjs.org/@types%2festree cache-miss
968 silly fetch manifest estree-walker@^2.0.2
969 silly packumentCache full:https://registry.npmjs.org/estree-walker cache-miss
970 silly fetch manifest file-uri-to-path@1.0.0
971 silly packumentCache full:https://registry.npmjs.org/file-uri-to-path cache-miss
972 http cache https://registry.npmjs.org/estree-walker 8ms (cache hit)
973 silly packumentCache full:https://registry.npmjs.org/estree-walker set size:60887 disposed:false
974 silly fetch manifest minimatch@^10.1.2
975 silly packumentCache full:https://registry.npmjs.org/minimatch cache-miss
976 http cache https://registry.npmjs.org/minimatch 2ms (cache hit)
977 silly packumentCache full:https://registry.npmjs.org/minimatch set size:306302 disposed:false
978 silly fetch manifest path-scurry@^2.0.0
979 silly packumentCache full:https://registry.npmjs.org/path-scurry cache-miss
980 http fetch GET 200 https://registry.npmjs.org/detect-libc 123ms (cache miss)
981 silly packumentCache full:https://registry.npmjs.org/detect-libc set size:undefined disposed:false
982 http fetch GET 200 https://registry.npmjs.org/https-proxy-agent 123ms (cache miss)
983 silly packumentCache full:https://registry.npmjs.org/https-proxy-agent set size:undefined disposed:false
984 http fetch GET 200 https://registry.npmjs.org/nopt 126ms (cache miss)
985 silly packumentCache full:https://registry.npmjs.org/nopt set size:undefined disposed:false
986 http fetch GET 200 https://registry.npmjs.org/file-uri-to-path 127ms (cache miss)
987 silly packumentCache full:https://registry.npmjs.org/file-uri-to-path set size:undefined disposed:false
988 http fetch GET 200 https://registry.npmjs.org/@types%2festree 136ms (cache miss)
989 silly packumentCache full:https://registry.npmjs.org/@types%2festree set size:undefined disposed:false
990 http fetch GET 200 https://registry.npmjs.org/path-scurry 130ms (cache miss)
991 silly packumentCache full:https://registry.npmjs.org/path-scurry set size:undefined disposed:false
992 http fetch GET 200 https://registry.npmjs.org/consola 152ms (cache miss)
993 silly packumentCache full:https://registry.npmjs.org/consola set size:undefined disposed:false
994 silly placeDep ROOT consola@3.4.2 OK for: @mapbox/node-pre-gyp@2.0.3 want: ^3.2.3
995 silly placeDep ROOT detect-libc@2.1.2 OK for: @mapbox/node-pre-gyp@2.0.3 want: ^2.0.0
996 silly placeDep ROOT https-proxy-agent@7.0.6 OK for: @mapbox/node-pre-gyp@2.0.3 want: ^7.0.5
997 silly placeDep ROOT nopt@8.1.0 OK for: @mapbox/node-pre-gyp@2.0.3 want: ^8.0.0
998 silly fetch manifest agent-base@^7.1.2
999 silly packumentCache full:https://registry.npmjs.org/agent-base cache-miss
1000 silly fetch manifest abbrev@^3.0.0
1001 silly packumentCache full:https://registry.npmjs.org/abbrev cache-miss
1002 http fetch GET 200 https://registry.npmjs.org/agent-base 126ms (cache miss)
1003 silly packumentCache full:https://registry.npmjs.org/agent-base set size:undefined disposed:false
1004 http fetch GET 200 https://registry.npmjs.org/abbrev 129ms (cache miss)
1005 silly packumentCache full:https://registry.npmjs.org/abbrev set size:undefined disposed:false
1006 silly placeDep ROOT @types/estree@1.0.8 OK for: @rollup/pluginutils@5.3.0 want: ^1.0.0
1007 silly placeDep ROOT @edge-runtime/node-utils@2.3.0 OK for: @vercel/node@5.5.33 want: 2.3.0
1008 silly placeDep ROOT @edge-runtime/primitives@4.1.0 OK for: @vercel/node@5.5.33 want: 4.1.0
1009 silly placeDep ROOT @edge-runtime/vm@3.2.0 OK for: @vercel/node@5.5.33 want: 3.2.0
1010 silly placeDep ROOT @types/node@20.11.0 OK for: @vercel/node@5.5.33 want: 20.11.0
1011 silly placeDep ROOT @vercel/error-utils@2.0.3 OK for: @vercel/node@5.5.33 want: 2.0.3
1012 silly placeDep node_modules/@vercel/node @vercel/nft@1.1.1 OK for: @vercel/node@5.5.33 want: 1.1.1
1013 silly placeDep node_modules/@vercel/node async-listen@3.0.0 OK for: @vercel/node@5.5.33 want: 3.0.0
1014 silly placeDep ROOT cjs-module-lexer@1.2.3 OK for: @vercel/node@5.5.33 want: 1.2.3
1015 silly placeDep ROOT edge-runtime@2.5.9 OK for: @vercel/node@5.5.33 want: 2.5.9
1016 silly placeDep ROOT es-module-lexer@1.4.1 OK for: @vercel/node@5.5.33 want: 1.4.1
1017 silly placeDep ROOT etag@1.8.1 OK for: @vercel/node@5.5.33 want: 1.8.1
1018 silly placeDep ROOT mime-types@2.1.35 OK for: @vercel/node@5.5.33 want: 2.1.35
1019 silly placeDep node_modules/@vercel/node node-fetch@2.6.9 OK for: @vercel/node@5.5.33 want: 2.6.9
1020 silly placeDep node_modules/@vercel/node path-to-regexp@6.1.0 OK for: @vercel/node@5.5.33 want: 6.1.0
1021 silly placeDep ROOT path-to-regexp-updated@6.3.0 OK for: @vercel/node@5.5.33 want: npm:path-to-regexp@6.3.0
1022 silly placeDep node_modules/@vercel/node undici@5.28.4 OK for: @vercel/node@5.5.33 want: 5.28.4
1023 silly fetch manifest undici-types@~5.26.4
1024 silly packumentCache full:https://registry.npmjs.org/undici-types cache-miss
1025 silly fetch manifest mri@1.2.0
1026 silly packumentCache full:https://registry.npmjs.org/mri cache-miss
1027 silly fetch manifest pretty-ms@7.0.1
1028 silly packumentCache full:https://registry.npmjs.org/pretty-ms cache-miss
1029 silly fetch manifest time-span@4.0.0
1030 silly packumentCache full:https://registry.npmjs.org/time-span cache-miss
1031 silly fetch manifest picocolors@1.0.0
1032 silly packumentCache full:https://registry.npmjs.org/picocolors cache-miss
1033 silly fetch manifest signal-exit@4.0.2
1034 silly packumentCache full:https://registry.npmjs.org/signal-exit cache-miss
1035 silly fetch manifest async-listen@3.0.1
1036 silly packumentCache full:https://registry.npmjs.org/async-listen cache-hit
1037 silly fetch manifest @edge-runtime/format@2.2.1
1038 silly packumentCache full:https://registry.npmjs.org/@edge-runtime%2fformat cache-miss
1039 http cache https://registry.npmjs.org/signal-exit 3ms (cache hit)
1040 silly packumentCache full:https://registry.npmjs.org/signal-exit set size:53489 disposed:false
1041 silly fetch manifest @edge-runtime/ponyfill@2.4.2
1042 silly packumentCache full:https://registry.npmjs.org/@edge-runtime%2fponyfill cache-miss
1043 http fetch GET 200 https://registry.npmjs.org/picocolors 82ms (cache miss)
1044 silly packumentCache full:https://registry.npmjs.org/picocolors set size:undefined disposed:false
1045 silly fetch manifest mime-db@1.52.0
1046 silly packumentCache full:https://registry.npmjs.org/mime-db cache-miss
1047 http fetch GET 200 https://registry.npmjs.org/undici-types 127ms (cache miss)
1048 silly packumentCache full:https://registry.npmjs.org/undici-types set size:undefined disposed:false
1049 http fetch GET 200 https://registry.npmjs.org/time-span 132ms (cache miss)
1050 silly packumentCache full:https://registry.npmjs.org/time-span set size:undefined disposed:false
1051 http fetch GET 200 https://registry.npmjs.org/pretty-ms 135ms (cache miss)
1052 silly packumentCache full:https://registry.npmjs.org/pretty-ms set size:undefined disposed:false
1053 http fetch GET 200 https://registry.npmjs.org/mime-db 123ms (cache miss)
1054 silly packumentCache full:https://registry.npmjs.org/mime-db set size:undefined disposed:false
1055 http fetch GET 200 https://registry.npmjs.org/mri 295ms (cache miss)
1056 silly packumentCache full:https://registry.npmjs.org/mri set size:undefined disposed:false
1057 http fetch GET 200 https://registry.npmjs.org/@edge-runtime%2fponyfill 315ms (cache miss)
1058 silly packumentCache full:https://registry.npmjs.org/@edge-runtime%2fponyfill set size:undefined disposed:false
1059 http fetch GET 200 https://registry.npmjs.org/@edge-runtime%2fformat 331ms (cache miss)
1060 silly packumentCache full:https://registry.npmjs.org/@edge-runtime%2fformat set size:undefined disposed:false
1061 silly placeDep ROOT undici-types@5.26.5 OK for: @types/node@20.11.0 want: ~5.26.4
1062 silly placeDep ROOT @bytecodealliance/preview2-shim@0.17.6 OK for: @vercel/python-analysis@0.3.2 want: 0.17.6
1063 silly placeDep ROOT @renovatebot/pep440@4.2.1 OK for: @vercel/python-analysis@0.3.2 want: 4.2.1
1064 silly placeDep node_modules/@vercel/python-analysis fs-extra@11.1.1 OK for: @vercel/python-analysis@0.3.2 want: 11.1.1
1065 silly placeDep ROOT js-yaml@4.1.1 OK for: @vercel/python-analysis@0.3.2 want: 4.1.1
1066 silly placeDep ROOT minimatch@10.1.1 OK for: @vercel/python-analysis@0.3.2 want: 10.1.1
1067 silly placeDep ROOT pip-requirements-js@1.0.2 OK for: @vercel/python-analysis@0.3.2 want: 1.0.2
1068 silly placeDep ROOT smol-toml@1.5.2 OK for: @vercel/python-analysis@0.3.2 want: 1.5.2
1069 silly fetch manifest argparse@^2.0.1
1070 silly packumentCache full:https://registry.npmjs.org/argparse cache-miss
1071 silly fetch manifest @isaacs/brace-expansion@^5.0.0
1072 silly packumentCache full:https://registry.npmjs.org/@isaacs%2fbrace-expansion cache-miss
1073 silly fetch manifest ohm-js@^17.1.0
1074 silly packumentCache full:https://registry.npmjs.org/ohm-js cache-miss
1075 http fetch GET 200 https://registry.npmjs.org/@isaacs%2fbrace-expansion 109ms (cache miss)
1076 silly packumentCache full:https://registry.npmjs.org/@isaacs%2fbrace-expansion set size:undefined disposed:false
1077 http fetch GET 200 https://registry.npmjs.org/ohm-js 131ms (cache miss)
1078 silly packumentCache full:https://registry.npmjs.org/ohm-js set size:undefined disposed:false
1079 http fetch GET 200 https://registry.npmjs.org/argparse 136ms (cache miss)
1080 silly packumentCache full:https://registry.npmjs.org/argparse set size:undefined disposed:false
1081 silly placeDep node_modules/@vercel/redwood @vercel/nft@1.1.1 OK for: @vercel/redwood@2.4.9 want: 1.1.1
1082 silly placeDep node_modules/@vercel/redwood semver@6.3.1 OK for: @vercel/redwood@2.4.9 want: 6.3.1
1083 silly placeDep node_modules/@vercel/remix-builder @vercel/nft@1.1.1 OK for: @vercel/remix-builder@5.5.10 want: 1.1.1
1084 silly placeDep node_modules/@vercel/remix-builder path-to-regexp@6.1.0 OK for: @vercel/remix-builder@5.5.10 want: 6.1.0
1085 silly placeDep ROOT @iarna/toml@2.2.5 OK for: @vercel/rust@1.0.5 want: ^2.2.5
1086 silly placeDep node_modules/@vercel/rust execa@5.1.1 OK for: @vercel/rust@1.0.5 want: 5
1087 silly fetch manifest onetime@^5.1.2
1088 silly packumentCache full:https://registry.npmjs.org/onetime cache-miss
1089 silly fetch manifest get-stream@^6.0.0
1090 silly packumentCache full:https://registry.npmjs.org/get-stream cache-miss
1091 silly fetch manifest cross-spawn@^7.0.3
1092 silly packumentCache full:https://registry.npmjs.org/cross-spawn cache-miss
1093 silly fetch manifest signal-exit@^3.0.3
1094 silly packumentCache full:https://registry.npmjs.org/signal-exit cache-hit
1095 silly fetch manifest npm-run-path@^4.0.1
1096 silly packumentCache full:https://registry.npmjs.org/npm-run-path cache-miss
1097 silly fetch manifest human-signals@^2.1.0
1098 silly packumentCache full:https://registry.npmjs.org/human-signals cache-miss
1099 http cache https://registry.npmjs.org/onetime 4ms (cache hit)
1100 silly packumentCache full:https://registry.npmjs.org/onetime set size:32314 disposed:false
1101 http cache https://registry.npmjs.org/cross-spawn 3ms (cache hit)
1102 silly packumentCache full:https://registry.npmjs.org/cross-spawn set size:109066 disposed:false
1103 http cache https://registry.npmjs.org/npm-run-path 6ms (cache hit)
1104 silly packumentCache full:https://registry.npmjs.org/npm-run-path set size:33596 disposed:false
1105 http cache https://registry.npmjs.org/human-signals 7ms (cache hit)
1106 silly packumentCache full:https://registry.npmjs.org/human-signals set size:47322 disposed:false
1107 http cache https://registry.npmjs.org/get-stream 8ms (cache hit)
1108 silly packumentCache full:https://registry.npmjs.org/get-stream set size:57536 disposed:false
1109 silly placeDep ROOT @vercel/gatsby-plugin-vercel-analytics@1.0.11 OK for: @vercel/static-build@2.8.34 want: 1.0.11
1110 silly placeDep ROOT @vercel/gatsby-plugin-vercel-builder@2.0.132 OK for: @vercel/static-build@2.8.34 want: 2.0.132
1111 silly fetch manifest web-vitals@0.2.4
1112 silly packumentCache full:https://registry.npmjs.org/web-vitals cache-miss
1113 silly fetch manifest @sinclair/typebox@0.25.24
1114 silly packumentCache full:https://registry.npmjs.org/@sinclair%2ftypebox cache-miss
1115 http fetch GET 200 https://registry.npmjs.org/web-vitals 129ms (cache miss)
1116 silly packumentCache full:https://registry.npmjs.org/web-vitals set size:undefined disposed:false
1117 http fetch GET 200 https://registry.npmjs.org/@sinclair%2ftypebox 293ms (cache miss)
1118 silly packumentCache full:https://registry.npmjs.org/@sinclair%2ftypebox set size:undefined disposed:false
1119 silly placeDep ROOT web-vitals@0.2.4 OK for: @vercel/gatsby-plugin-vercel-analytics@1.0.11 want: 0.2.4
1120 silly placeDep ROOT @sinclair/typebox@0.25.24 OK for: @vercel/gatsby-plugin-vercel-builder@2.0.132 want: 0.25.24
1121 silly placeDep ROOT ajv@8.6.3 OK for: @vercel/static-config@3.1.2 want: 8.6.3
1122 silly placeDep ROOT json-schema-to-ts@1.6.4 OK for: @vercel/static-config@3.1.2 want: 1.6.4
1123 silly fetch manifest uri-js@^4.2.2
1124 silly packumentCache full:https://registry.npmjs.org/uri-js cache-miss
1125 silly fetch manifest fast-deep-equal@^3.1.1
1126 silly packumentCache full:https://registry.npmjs.org/fast-deep-equal cache-miss
1127 silly fetch manifest require-from-string@^2.0.2
1128 silly packumentCache full:https://registry.npmjs.org/require-from-string cache-miss
1129 silly fetch manifest json-schema-traverse@^1.0.0
1130 silly packumentCache full:https://registry.npmjs.org/json-schema-traverse cache-miss
1131 silly fetch manifest ts-toolbelt@^6.15.5
1132 silly packumentCache full:https://registry.npmjs.org/ts-toolbelt cache-miss
1133 silly fetch manifest @types/json-schema@^7.0.6
1134 silly packumentCache full:https://registry.npmjs.org/@types%2fjson-schema cache-miss
1135 http fetch GET 200 https://registry.npmjs.org/require-from-string 75ms (cache miss)
1136 silly packumentCache full:https://registry.npmjs.org/require-from-string set size:undefined disposed:false
1137 http fetch GET 200 https://registry.npmjs.org/json-schema-traverse 95ms (cache miss)
1138 silly packumentCache full:https://registry.npmjs.org/json-schema-traverse set size:undefined disposed:false
1139 http fetch GET 200 https://registry.npmjs.org/fast-deep-equal 155ms (cache miss)
1140 silly packumentCache full:https://registry.npmjs.org/fast-deep-equal set size:undefined disposed:false
1141 http fetch GET 200 https://registry.npmjs.org/uri-js 156ms (cache miss)
1142 silly packumentCache full:https://registry.npmjs.org/uri-js set size:undefined disposed:false
1143 http fetch GET 200 https://registry.npmjs.org/@types%2fjson-schema 188ms (cache miss)
1144 silly packumentCache full:https://registry.npmjs.org/@types%2fjson-schema set size:undefined disposed:false
1145 http fetch GET 200 https://registry.npmjs.org/ts-toolbelt 217ms (cache miss)
1146 silly packumentCache full:https://registry.npmjs.org/ts-toolbelt set size:undefined disposed:false
1147 silly placeDep ROOT fast-deep-equal@3.1.3 OK for: ajv@8.6.3 want: ^3.1.1
1148 silly placeDep ROOT json-schema-traverse@1.0.0 OK for: ajv@8.6.3 want: ^1.0.0
1149 silly placeDep ROOT require-from-string@2.0.2 OK for: ajv@8.6.3 want: ^2.0.2
1150 silly placeDep ROOT uri-js@4.4.1 OK for: ajv@8.6.3 want: ^4.2.2
1151 silly fetch manifest punycode@^2.1.0
1152 silly packumentCache full:https://registry.npmjs.org/punycode cache-miss
1153 http fetch GET 200 https://registry.npmjs.org/punycode 123ms (cache miss)
1154 silly packumentCache full:https://registry.npmjs.org/punycode set size:undefined disposed:false
1155 silly placeDep ROOT retry@0.13.1 OK for: async-retry@1.3.3 want: 0.13.1
1156 silly placeDep ROOT file-uri-to-path@1.0.0 OK for: bindings@1.5.0 want: 1.0.0
1157 silly placeDep ROOT readdirp@4.1.2 OK for: chokidar@4.0.0 want: ^4.0.1
1158 silly placeDep node_modules/debug ms@2.1.2 OK for: debug@4.3.4 want: 2.1.2
1159 silly placeDep ROOT @edge-runtime/format@2.2.1 OK for: edge-runtime@2.5.9 want: 2.2.1
1160 silly placeDep ROOT @edge-runtime/ponyfill@2.4.2 OK for: edge-runtime@2.5.9 want: 2.4.2
1161 silly placeDep node_modules/edge-runtime async-listen@3.0.1 OK for: edge-runtime@2.5.9 want: 3.0.1
1162 silly placeDep ROOT mri@1.2.0 OK for: edge-runtime@2.5.9 want: 1.2.0
1163 silly placeDep ROOT picocolors@1.0.0 OK for: edge-runtime@2.5.9 want: 1.0.0
1164 silly placeDep ROOT pretty-ms@7.0.1 OK for: edge-runtime@2.5.9 want: 7.0.1
1165 silly placeDep ROOT signal-exit@4.0.2 OK for: edge-runtime@2.5.9 want: 4.0.2
1166 silly placeDep ROOT time-span@4.0.0 OK for: edge-runtime@2.5.9 want: 4.0.0
1167 silly fetch manifest parse-ms@^2.1.0
1168 silly packumentCache full:https://registry.npmjs.org/parse-ms cache-miss
1169 silly fetch manifest convert-hrtime@^3.0.0
1170 silly packumentCache full:https://registry.npmjs.org/convert-hrtime cache-miss
1171 http fetch GET 200 https://registry.npmjs.org/parse-ms 126ms (cache miss)
1172 silly packumentCache full:https://registry.npmjs.org/parse-ms set size:undefined disposed:false
1173 http fetch GET 200 https://registry.npmjs.org/convert-hrtime 141ms (cache miss)
1174 silly packumentCache full:https://registry.npmjs.org/convert-hrtime set size:undefined disposed:false
1175 silly placeDep ROOT @esbuild/aix-ppc64@0.27.0 OK for: esbuild@0.27.0 want: 0.27.0
1176 silly placeDep ROOT @esbuild/android-arm@0.27.0 OK for: esbuild@0.27.0 want: 0.27.0
1177 silly placeDep ROOT @esbuild/android-arm64@0.27.0 OK for: esbuild@0.27.0 want: 0.27.0
1178 silly placeDep ROOT @esbuild/android-x64@0.27.0 OK for: esbuild@0.27.0 want: 0.27.0
1179 silly placeDep ROOT @esbuild/darwin-arm64@0.27.0 OK for: esbuild@0.27.0 want: 0.27.0
1180 silly placeDep ROOT @esbuild/darwin-x64@0.27.0 OK for: esbuild@0.27.0 want: 0.27.0
1181 silly placeDep ROOT @esbuild/freebsd-arm64@0.27.0 OK for: esbuild@0.27.0 want: 0.27.0
1182 silly placeDep ROOT @esbuild/freebsd-x64@0.27.0 OK for: esbuild@0.27.0 want: 0.27.0
1183 silly placeDep ROOT @esbuild/linux-arm@0.27.0 OK for: esbuild@0.27.0 want: 0.27.0
1184 silly placeDep ROOT @esbuild/linux-arm64@0.27.0 OK for: esbuild@0.27.0 want: 0.27.0
1185 silly placeDep ROOT @esbuild/linux-ia32@0.27.0 OK for: esbuild@0.27.0 want: 0.27.0
1186 silly placeDep ROOT @esbuild/linux-loong64@0.27.0 OK for: esbuild@0.27.0 want: 0.27.0
1187 silly placeDep ROOT @esbuild/linux-mips64el@0.27.0 OK for: esbuild@0.27.0 want: 0.27.0
1188 silly placeDep ROOT @esbuild/linux-ppc64@0.27.0 OK for: esbuild@0.27.0 want: 0.27.0
1189 silly placeDep ROOT @esbuild/linux-riscv64@0.27.0 OK for: esbuild@0.27.0 want: 0.27.0
1190 silly placeDep ROOT @esbuild/linux-s390x@0.27.0 OK for: esbuild@0.27.0 want: 0.27.0
1191 silly placeDep ROOT @esbuild/linux-x64@0.27.0 OK for: esbuild@0.27.0 want: 0.27.0
1192 silly placeDep ROOT @esbuild/netbsd-arm64@0.27.0 OK for: esbuild@0.27.0 want: 0.27.0
1193 silly placeDep ROOT @esbuild/netbsd-x64@0.27.0 OK for: esbuild@0.27.0 want: 0.27.0
1194 silly placeDep ROOT @esbuild/openbsd-arm64@0.27.0 OK for: esbuild@0.27.0 want: 0.27.0
1195 silly placeDep ROOT @esbuild/openbsd-x64@0.27.0 OK for: esbuild@0.27.0 want: 0.27.0
1196 silly placeDep ROOT @esbuild/openharmony-arm64@0.27.0 OK for: esbuild@0.27.0 want: 0.27.0
1197 silly placeDep ROOT @esbuild/sunos-x64@0.27.0 OK for: esbuild@0.27.0 want: 0.27.0
1198 silly placeDep ROOT @esbuild/win32-arm64@0.27.0 OK for: esbuild@0.27.0 want: 0.27.0
1199 silly placeDep ROOT @esbuild/win32-ia32@0.27.0 OK for: esbuild@0.27.0 want: 0.27.0
1200 silly placeDep ROOT @esbuild/win32-x64@0.27.0 OK for: esbuild@0.27.0 want: 0.27.0
1201 silly placeDep ROOT cross-spawn@7.0.6 OK for: execa@3.2.0 want: ^7.0.0
1202 silly placeDep ROOT get-stream@5.2.0 OK for: execa@3.2.0 want: ^5.0.0
1203 silly placeDep ROOT human-signals@1.1.1 OK for: execa@3.2.0 want: ^1.1.1
1204 silly placeDep ROOT is-stream@2.0.1 OK for: execa@3.2.0 want: ^2.0.0
1205 silly placeDep ROOT merge-stream@2.0.0 OK for: execa@3.2.0 want: ^2.0.0
1206 silly placeDep ROOT npm-run-path@4.0.1 OK for: execa@3.2.0 want: ^4.0.0
1207 silly placeDep ROOT onetime@5.1.2 OK for: execa@3.2.0 want: ^5.1.0
1208 silly placeDep ROOT p-finally@2.0.1 OK for: execa@3.2.0 want: ^2.0.0
1209 silly placeDep node_modules/execa signal-exit@3.0.7 OK for: execa@3.2.0 want: ^3.0.2
1210 silly placeDep ROOT strip-final-newline@2.0.0 OK for: execa@3.2.0 want: ^2.0.0
1211 silly fetch manifest which@^2.0.1
1212 silly packumentCache full:https://registry.npmjs.org/which cache-miss
1213 silly fetch manifest path-key@^3.1.0
1214 silly packumentCache full:https://registry.npmjs.org/path-key cache-miss
1215 silly fetch manifest shebang-command@^2.0.0
1216 silly packumentCache full:https://registry.npmjs.org/shebang-command cache-miss
1217 silly fetch manifest pump@^3.0.0
1218 silly packumentCache full:https://registry.npmjs.org/pump cache-miss
1219 silly fetch manifest path-key@^3.0.0
1220 silly packumentCache full:https://registry.npmjs.org/path-key cache-miss
1221 silly fetch manifest mimic-fn@^2.1.0
1222 silly packumentCache full:https://registry.npmjs.org/mimic-fn cache-miss
1223 http fetch GET 200 https://registry.npmjs.org/mimic-fn 81ms (cache miss)
1224 silly packumentCache full:https://registry.npmjs.org/mimic-fn set size:undefined disposed:false
1225 http fetch GET 200 https://registry.npmjs.org/shebang-command 82ms (cache miss)
1226 silly packumentCache full:https://registry.npmjs.org/shebang-command set size:undefined disposed:false
1227 http fetch GET 200 https://registry.npmjs.org/path-key 95ms (cache miss)
1228 silly packumentCache full:https://registry.npmjs.org/path-key set size:undefined disposed:false
1229 http fetch GET 200 https://registry.npmjs.org/path-key 130ms (cache miss)
1230 silly packumentCache full:https://registry.npmjs.org/path-key set size:undefined disposed:false
1231 http fetch GET 200 https://registry.npmjs.org/which 130ms (cache miss)
1232 silly packumentCache full:https://registry.npmjs.org/which set size:undefined disposed:false
1233 http fetch GET 200 https://registry.npmjs.org/pump 132ms (cache miss)
1234 silly packumentCache full:https://registry.npmjs.org/pump set size:undefined disposed:false
1235 silly placeDep ROOT path-key@3.1.1 OK for: cross-spawn@7.0.6 want: ^3.1.0
1236 silly placeDep ROOT shebang-command@2.0.0 OK for: cross-spawn@7.0.6 want: ^2.0.0
1237 silly placeDep ROOT which@2.0.2 OK for: cross-spawn@7.0.6 want: ^2.0.1
1238 silly fetch manifest shebang-regex@^3.0.0
1239 silly packumentCache full:https://registry.npmjs.org/shebang-regex cache-miss
1240 silly fetch manifest isexe@^2.0.0
1241 silly packumentCache full:https://registry.npmjs.org/isexe cache-miss
1242 http fetch GET 200 https://registry.npmjs.org/isexe 121ms (cache miss)
1243 silly packumentCache full:https://registry.npmjs.org/isexe set size:undefined disposed:false
1244 http fetch GET 200 https://registry.npmjs.org/shebang-regex 132ms (cache miss)
1245 silly packumentCache full:https://registry.npmjs.org/shebang-regex set size:undefined disposed:false
1246 silly placeDep ROOT asynckit@0.4.0 OK for: form-data@4.0.5 want: ^0.4.0
1247 silly placeDep ROOT combined-stream@1.0.8 OK for: form-data@4.0.5 want: ^1.0.8
1248 silly placeDep ROOT es-set-tostringtag@2.1.0 OK for: form-data@4.0.5 want: ^2.1.0
1249 silly placeDep ROOT hasown@2.0.2 OK for: form-data@4.0.5 want: ^2.0.2
1250 silly fetch manifest delayed-stream@~1.0.0
1251 silly packumentCache full:https://registry.npmjs.org/delayed-stream cache-miss
1252 silly fetch manifest es-errors@^1.3.0
1253 silly packumentCache full:https://registry.npmjs.org/es-errors cache-miss
1254 silly fetch manifest get-intrinsic@^1.2.6
1255 silly packumentCache full:https://registry.npmjs.org/get-intrinsic cache-miss
1256 silly fetch manifest has-tostringtag@^1.0.2
1257 silly packumentCache full:https://registry.npmjs.org/has-tostringtag cache-miss
1258 silly fetch manifest function-bind@^1.1.2
1259 silly packumentCache full:https://registry.npmjs.org/function-bind cache-miss
1260 http fetch GET 200 https://registry.npmjs.org/has-tostringtag 81ms (cache miss)
1261 silly packumentCache full:https://registry.npmjs.org/has-tostringtag set size:undefined disposed:false
1262 http fetch GET 200 https://registry.npmjs.org/function-bind 82ms (cache miss)
1263 silly packumentCache full:https://registry.npmjs.org/function-bind set size:undefined disposed:false
1264 http fetch GET 200 https://registry.npmjs.org/get-intrinsic 131ms (cache miss)
1265 silly packumentCache full:https://registry.npmjs.org/get-intrinsic set size:undefined disposed:false
1266 http fetch GET 200 https://registry.npmjs.org/delayed-stream 132ms (cache miss)
1267 silly packumentCache full:https://registry.npmjs.org/delayed-stream set size:undefined disposed:false
1268 http fetch GET 200 https://registry.npmjs.org/es-errors 134ms (cache miss)
1269 silly packumentCache full:https://registry.npmjs.org/es-errors set size:undefined disposed:false
1270 silly placeDep ROOT delayed-stream@1.0.0 OK for: combined-stream@1.0.8 want: ~1.0.0
1271 silly placeDep ROOT es-errors@1.3.0 OK for: es-set-tostringtag@2.1.0 want: ^1.3.0
1272 silly placeDep ROOT get-intrinsic@1.3.0 OK for: es-set-tostringtag@2.1.0 want: ^1.2.6
1273 silly placeDep ROOT has-tostringtag@1.0.2 OK for: es-set-tostringtag@2.1.0 want: ^1.0.2
1274 silly fetch manifest gopd@^1.2.0
1275 silly packumentCache full:https://registry.npmjs.org/gopd cache-miss
1276 silly fetch manifest get-proto@^1.0.1
1277 silly packumentCache full:https://registry.npmjs.org/get-proto cache-miss
1278 silly fetch manifest has-symbols@^1.1.0
1279 silly packumentCache full:https://registry.npmjs.org/has-symbols cache-miss
1280 silly fetch manifest es-object-atoms@^1.1.1
1281 silly packumentCache full:https://registry.npmjs.org/es-object-atoms cache-miss
1282 silly fetch manifest math-intrinsics@^1.1.0
1283 silly packumentCache full:https://registry.npmjs.org/math-intrinsics cache-miss
1284 silly fetch manifest es-define-property@^1.0.1
1285 silly packumentCache full:https://registry.npmjs.org/es-define-property cache-miss
1286 silly fetch manifest call-bind-apply-helpers@^1.0.2
1287 silly packumentCache full:https://registry.npmjs.org/call-bind-apply-helpers cache-miss
1288 http fetch GET 200 https://registry.npmjs.org/es-object-atoms 76ms (cache miss)
1289 silly packumentCache full:https://registry.npmjs.org/es-object-atoms set size:undefined disposed:false
1290 silly fetch manifest has-symbols@^1.0.3
1291 silly packumentCache full:https://registry.npmjs.org/has-symbols cache-miss
1292 http fetch GET 200 https://registry.npmjs.org/math-intrinsics 78ms (cache miss)
1293 silly packumentCache full:https://registry.npmjs.org/math-intrinsics set size:undefined disposed:false
1294 http fetch GET 200 https://registry.npmjs.org/get-proto 79ms (cache miss)
1295 silly packumentCache full:https://registry.npmjs.org/get-proto set size:undefined disposed:false
1296 http fetch GET 200 https://registry.npmjs.org/call-bind-apply-helpers 78ms (cache miss)
1297 silly packumentCache full:https://registry.npmjs.org/call-bind-apply-helpers set size:undefined disposed:false
1298 http fetch GET 200 https://registry.npmjs.org/es-define-property 83ms (cache miss)
1299 silly packumentCache full:https://registry.npmjs.org/es-define-property set size:undefined disposed:false
1300 http fetch GET 200 https://registry.npmjs.org/has-symbols 84ms (cache miss)
1301 silly packumentCache full:https://registry.npmjs.org/has-symbols set size:undefined disposed:false
1302 http fetch GET 200 https://registry.npmjs.org/gopd 127ms (cache miss)
1303 silly packumentCache full:https://registry.npmjs.org/gopd set size:undefined disposed:false
1304 http fetch GET 200 https://registry.npmjs.org/has-symbols 73ms (cache miss)
1305 silly packumentCache full:https://registry.npmjs.org/has-symbols set size:undefined disposed:false
1306 silly placeDep ROOT jsonfile@6.2.0 OK for: fs-extra@11.1.0 want: ^6.0.1
1307 silly placeDep ROOT universalify@2.0.1 OK for: fs-extra@11.1.0 want: ^2.0.0
1308 silly placeDep ROOT call-bind-apply-helpers@1.0.2 OK for: get-intrinsic@1.3.0 want: ^1.0.2
1309 silly placeDep ROOT es-define-property@1.0.1 OK for: get-intrinsic@1.3.0 want: ^1.0.1
1310 silly placeDep ROOT es-object-atoms@1.1.1 OK for: get-intrinsic@1.3.0 want: ^1.1.1
1311 silly placeDep ROOT function-bind@1.1.2 OK for: get-intrinsic@1.3.0 want: ^1.1.2
1312 silly placeDep ROOT get-proto@1.0.1 OK for: get-intrinsic@1.3.0 want: ^1.0.1
1313 silly placeDep ROOT gopd@1.2.0 OK for: get-intrinsic@1.3.0 want: ^1.2.0
1314 silly placeDep ROOT has-symbols@1.1.0 OK for: get-intrinsic@1.3.0 want: ^1.1.0
1315 silly placeDep ROOT math-intrinsics@1.1.0 OK for: get-intrinsic@1.3.0 want: ^1.1.0
1316 silly fetch manifest dunder-proto@^1.0.1
1317 silly packumentCache full:https://registry.npmjs.org/dunder-proto cache-miss
1318 http fetch GET 200 https://registry.npmjs.org/dunder-proto 77ms (cache miss)
1319 silly packumentCache full:https://registry.npmjs.org/dunder-proto set size:undefined disposed:false
1320 silly placeDep ROOT dunder-proto@1.0.1 OK for: get-proto@1.0.1 want: ^1.0.1
1321 silly placeDep ROOT pump@3.0.3 OK for: get-stream@5.2.0 want: ^3.0.0
1322 silly fetch manifest end-of-stream@^1.1.0
1323 silly packumentCache full:https://registry.npmjs.org/end-of-stream cache-miss
1324 silly fetch manifest once@^1.3.1
1325 silly packumentCache full:https://registry.npmjs.org/once cache-miss
1326 http cache https://registry.npmjs.org/end-of-stream 3ms (cache hit)
1327 silly packumentCache full:https://registry.npmjs.org/end-of-stream set size:27842 disposed:false
1328 http fetch GET 200 https://registry.npmjs.org/once 125ms (cache miss)
1329 silly packumentCache full:https://registry.npmjs.org/once set size:undefined disposed:false
1330 silly placeDep node_modules/glob minimatch@10.1.2 OK for: glob@13.0.1 want: ^10.1.2
1331 silly placeDep ROOT minipass@7.1.2 OK for: glob@13.0.1 want: ^7.1.2
1332 silly placeDep ROOT path-scurry@2.0.1 OK for: glob@13.0.1 want: ^2.0.0
1333 silly fetch manifest @isaacs/brace-expansion@^5.0.1
1334 silly packumentCache full:https://registry.npmjs.org/@isaacs%2fbrace-expansion cache-miss
1335 silly fetch manifest lru-cache@^11.0.0
1336 silly packumentCache full:https://registry.npmjs.org/lru-cache cache-miss
1337 http cache https://registry.npmjs.org/@isaacs%2fbrace-expansion 2ms (cache hit)
1338 silly packumentCache full:https://registry.npmjs.org/@isaacs%2fbrace-expansion set size:7366 disposed:false
1339 http cache https://registry.npmjs.org/lru-cache 3ms (cache hit)
1340 silly packumentCache full:https://registry.npmjs.org/lru-cache set size:410669 disposed:false
1341 silly placeDep ROOT agent-base@7.1.4 OK for: https-proxy-agent@7.0.6 want: ^7.1.2
1342 silly placeDep ROOT argparse@2.0.1 OK for: js-yaml@4.1.1 want: ^2.0.1
1343 silly placeDep ROOT @types/json-schema@7.0.15 OK for: json-schema-to-ts@1.6.4 want: ^7.0.6
1344 silly placeDep ROOT ts-toolbelt@6.15.5 OK for: json-schema-to-ts@1.6.4 want: ^6.15.5
1345 silly placeDep ROOT arg@4.1.0 OK for: micro@9.3.5-canary.3 want: 4.1.0
1346 silly placeDep ROOT content-type@1.0.4 OK for: micro@9.3.5-canary.3 want: 1.0.4
1347 silly placeDep ROOT raw-body@2.4.1 OK for: micro@9.3.5-canary.3 want: 2.4.1
1348 silly fetch manifest bytes@3.1.0
1349 silly packumentCache full:https://registry.npmjs.org/bytes cache-miss
1350 silly fetch manifest unpipe@1.0.0
1351 silly packumentCache full:https://registry.npmjs.org/unpipe cache-miss
1352 silly fetch manifest iconv-lite@0.4.24
1353 silly packumentCache full:https://registry.npmjs.org/iconv-lite cache-miss
1354 silly fetch manifest http-errors@1.7.3
1355 silly packumentCache full:https://registry.npmjs.org/http-errors cache-miss
1356 http fetch GET 200 https://registry.npmjs.org/bytes 101ms (cache miss)
1357 silly packumentCache full:https://registry.npmjs.org/bytes set size:undefined disposed:false
1358 http fetch GET 200 https://registry.npmjs.org/iconv-lite 131ms (cache miss)
1359 silly packumentCache full:https://registry.npmjs.org/iconv-lite set size:undefined disposed:false
1360 http fetch GET 200 https://registry.npmjs.org/unpipe 133ms (cache miss)
1361 silly packumentCache full:https://registry.npmjs.org/unpipe set size:undefined disposed:false
1362 http fetch GET 200 https://registry.npmjs.org/http-errors 572ms (cache miss)
1363 silly packumentCache full:https://registry.npmjs.org/http-errors set size:undefined disposed:false
1364 silly placeDep ROOT mime-db@1.52.0 OK for: mime-types@2.1.35 want: 1.52.0
1365 silly placeDep ROOT @isaacs/brace-expansion@5.0.1 OK for: minimatch@10.1.1 want: ^5.0.0
1366 silly fetch manifest @isaacs/balanced-match@^4.0.1
1367 silly packumentCache full:https://registry.npmjs.org/@isaacs%2fbalanced-match cache-miss
1368 http fetch GET 200 https://registry.npmjs.org/@isaacs%2fbalanced-match 86ms (cache miss)
1369 silly packumentCache full:https://registry.npmjs.org/@isaacs%2fbalanced-match set size:undefined disposed:false
1370 silly placeDep ROOT @isaacs/balanced-match@4.0.1 OK for: @isaacs/brace-expansion@5.0.1 want: ^4.0.1
1371 silly placeDep ROOT whatwg-url@5.0.0 OK for: node-fetch@2.6.7 want: ^5.0.0
1372 silly fetch manifest tr46@~0.0.3
1373 silly packumentCache full:https://registry.npmjs.org/tr46 cache-miss
1374 silly fetch manifest webidl-conversions@^3.0.0
1375 silly packumentCache full:https://registry.npmjs.org/webidl-conversions cache-miss
1376 http fetch GET 200 https://registry.npmjs.org/webidl-conversions 124ms (cache miss)
1377 silly packumentCache full:https://registry.npmjs.org/webidl-conversions set size:undefined disposed:false
1378 http fetch GET 200 https://registry.npmjs.org/tr46 141ms (cache miss)
1379 silly packumentCache full:https://registry.npmjs.org/tr46 set size:undefined disposed:false
1380 silly placeDep ROOT abbrev@3.0.1 OK for: nopt@8.1.0 want: ^3.0.0
1381 silly placeDep ROOT mimic-fn@2.1.0 OK for: onetime@5.1.2 want: ^2.1.0
1382 silly placeDep ROOT @oxc-transform/binding-android-arm-eabi@0.111.0 OK for: oxc-transform@0.111.0 want: 0.111.0
1383 silly placeDep ROOT @oxc-transform/binding-android-arm64@0.111.0 OK for: oxc-transform@0.111.0 want: 0.111.0
1384 silly placeDep ROOT @oxc-transform/binding-darwin-arm64@0.111.0 OK for: oxc-transform@0.111.0 want: 0.111.0
1385 silly placeDep ROOT @oxc-transform/binding-darwin-x64@0.111.0 OK for: oxc-transform@0.111.0 want: 0.111.0
1386 silly placeDep ROOT @oxc-transform/binding-freebsd-x64@0.111.0 OK for: oxc-transform@0.111.0 want: 0.111.0
1387 silly placeDep ROOT @oxc-transform/binding-linux-arm-gnueabihf@0.111.0 OK for: oxc-transform@0.111.0 want: 0.111.0
1388 silly placeDep ROOT @oxc-transform/binding-linux-arm-musleabihf@0.111.0 OK for: oxc-transform@0.111.0 want: 0.111.0
1389 silly placeDep ROOT @oxc-transform/binding-linux-arm64-gnu@0.111.0 OK for: oxc-transform@0.111.0 want: 0.111.0
1390 silly placeDep ROOT @oxc-transform/binding-linux-arm64-musl@0.111.0 OK for: oxc-transform@0.111.0 want: 0.111.0
1391 silly placeDep ROOT @oxc-transform/binding-linux-ppc64-gnu@0.111.0 OK for: oxc-transform@0.111.0 want: 0.111.0
1392 silly placeDep ROOT @oxc-transform/binding-linux-riscv64-gnu@0.111.0 OK for: oxc-transform@0.111.0 want: 0.111.0
1393 silly placeDep ROOT @oxc-transform/binding-linux-riscv64-musl@0.111.0 OK for: oxc-transform@0.111.0 want: 0.111.0
1394 silly placeDep ROOT @oxc-transform/binding-linux-s390x-gnu@0.111.0 OK for: oxc-transform@0.111.0 want: 0.111.0
1395 silly placeDep ROOT @oxc-transform/binding-linux-x64-gnu@0.111.0 OK for: oxc-transform@0.111.0 want: 0.111.0
1396 silly placeDep ROOT @oxc-transform/binding-linux-x64-musl@0.111.0 OK for: oxc-transform@0.111.0 want: 0.111.0
1397 silly placeDep ROOT @oxc-transform/binding-openharmony-arm64@0.111.0 OK for: oxc-transform@0.111.0 want: 0.111.0
1398 silly placeDep ROOT @oxc-transform/binding-wasm32-wasi@0.111.0 OK for: oxc-transform@0.111.0 want: 0.111.0
1399 silly placeDep ROOT @oxc-transform/binding-win32-arm64-msvc@0.111.0 OK for: oxc-transform@0.111.0 want: 0.111.0
1400 silly placeDep ROOT @oxc-transform/binding-win32-ia32-msvc@0.111.0 OK for: oxc-transform@0.111.0 want: 0.111.0
1401 silly placeDep ROOT @oxc-transform/binding-win32-x64-msvc@0.111.0 OK for: oxc-transform@0.111.0 want: 0.111.0
1402 silly fetch manifest @napi-rs/wasm-runtime@^1.1.1
1403 silly packumentCache full:https://registry.npmjs.org/@napi-rs%2fwasm-runtime cache-miss
1404 http fetch GET 200 https://registry.npmjs.org/@napi-rs%2fwasm-runtime 110ms (cache miss)
1405 silly packumentCache full:https://registry.npmjs.org/@napi-rs%2fwasm-runtime set size:undefined disposed:false
1406 silly placeDep ROOT @napi-rs/wasm-runtime@1.1.1 OK for: @oxc-transform/binding-wasm32-wasi@0.111.0 want: ^1.1.1
1407 silly fetch manifest @emnapi/core@^1.7.1
1408 silly packumentCache full:https://registry.npmjs.org/@emnapi%2fcore cache-miss
1409 silly fetch manifest @emnapi/runtime@^1.7.1
1410 silly packumentCache full:https://registry.npmjs.org/@emnapi%2fruntime cache-miss
1411 silly fetch manifest @tybys/wasm-util@^0.10.1
1412 silly packumentCache full:https://registry.npmjs.org/@tybys%2fwasm-util cache-miss
1413 http fetch GET 200 https://registry.npmjs.org/@emnapi%2fcore 120ms (cache miss)
1414 silly packumentCache full:https://registry.npmjs.org/@emnapi%2fcore set size:undefined disposed:false
1415 http fetch GET 200 https://registry.npmjs.org/@emnapi%2fruntime 144ms (cache miss)
1416 silly packumentCache full:https://registry.npmjs.org/@emnapi%2fruntime set size:undefined disposed:false
1417 http fetch GET 200 https://registry.npmjs.org/@tybys%2fwasm-util 408ms (cache miss)
1418 silly packumentCache full:https://registry.npmjs.org/@tybys%2fwasm-util set size:undefined disposed:false
1419 silly placeDep ROOT @emnapi/core@1.8.1 OK for: @napi-rs/wasm-runtime@1.1.1 want: ^1.7.1
1420 silly placeDep ROOT @emnapi/runtime@1.8.1 OK for: @napi-rs/wasm-runtime@1.1.1 want: ^1.7.1
1421 silly placeDep ROOT @tybys/wasm-util@0.10.1 OK for: @napi-rs/wasm-runtime@1.1.1 want: ^0.10.1
1422 silly fetch manifest @emnapi/wasi-threads@1.1.0
1423 silly packumentCache full:https://registry.npmjs.org/@emnapi%2fwasi-threads cache-miss
1424 silly fetch manifest tslib@^2.4.0
1425 silly packumentCache full:https://registry.npmjs.org/tslib cache-miss
1426 silly fetch manifest tslib@^2.4.0
1427 silly packumentCache full:https://registry.npmjs.org/tslib cache-miss
1428 silly fetch manifest tslib@^2.4.0
1429 silly packumentCache full:https://registry.npmjs.org/tslib cache-miss
1430 http fetch GET 200 https://registry.npmjs.org/tslib 126ms (cache miss)
1431 silly packumentCache full:https://registry.npmjs.org/tslib set size:undefined disposed:false
1432 http fetch GET 200 https://registry.npmjs.org/tslib 153ms (cache miss)
1433 silly packumentCache full:https://registry.npmjs.org/tslib set size:undefined disposed:false
1434 http fetch GET 200 https://registry.npmjs.org/@emnapi%2fwasi-threads 154ms (cache miss)
1435 silly packumentCache full:https://registry.npmjs.org/@emnapi%2fwasi-threads set size:undefined disposed:false
1436 http fetch GET 200 https://registry.npmjs.org/tslib 235ms (cache miss)
1437 silly packumentCache full:https://registry.npmjs.org/tslib set size:undefined disposed:false
1438 silly placeDep ROOT @emnapi/wasi-threads@1.1.0 OK for: @emnapi/core@1.8.1 want: 1.1.0
1439 silly placeDep ROOT tslib@2.8.1 OK for: @emnapi/core@1.8.1 want: ^2.4.0
1440 silly placeDep ROOT lru-cache@11.2.5 OK for: path-scurry@2.0.1 want: ^11.0.0
1441 silly placeDep ROOT ohm-js@17.3.0 OK for: pip-requirements-js@1.0.2 want: ^17.1.0
1442 silly placeDep ROOT parse-ms@2.1.0 OK for: pretty-ms@7.0.1 want: ^2.1.0
1443 silly placeDep ROOT end-of-stream@1.4.5 OK for: pump@3.0.3 want: ^1.1.0
1444 silly placeDep ROOT once@1.4.0 OK for: pump@3.0.3 want: ^1.3.1
1445 silly fetch manifest once@^1.4.0
1446 silly packumentCache full:https://registry.npmjs.org/once cache-miss
1447 silly fetch manifest wrappy@1
1448 silly packumentCache full:https://registry.npmjs.org/wrappy cache-miss
1449 http cache https://registry.npmjs.org/once 13ms (cache hit)
1450 silly packumentCache full:https://registry.npmjs.org/once set size:11768 disposed:false
1451 http fetch GET 200 https://registry.npmjs.org/wrappy 88ms (cache miss)
1452 silly packumentCache full:https://registry.npmjs.org/wrappy set size:undefined disposed:false
1453 silly placeDep ROOT wrappy@1.0.2 OK for: once@1.4.0 want: 1
1454 silly placeDep ROOT bytes@3.1.0 OK for: raw-body@2.4.1 want: 3.1.0
1455 silly placeDep ROOT http-errors@1.7.3 OK for: raw-body@2.4.1 want: 1.7.3
1456 silly placeDep ROOT iconv-lite@0.4.24 OK for: raw-body@2.4.1 want: 0.4.24
1457 silly placeDep ROOT unpipe@1.0.0 OK for: raw-body@2.4.1 want: 1.0.0
1458 silly fetch manifest depd@~1.1.2
1459 silly packumentCache full:https://registry.npmjs.org/depd cache-miss
1460 silly fetch manifest inherits@2.0.4
1461 silly packumentCache full:https://registry.npmjs.org/inherits cache-miss
1462 silly fetch manifest statuses@>= 1.5.0 < 2
1463 silly packumentCache full:https://registry.npmjs.org/statuses cache-miss
1464 silly fetch manifest toidentifier@1.0.0
1465 silly packumentCache full:https://registry.npmjs.org/toidentifier cache-miss
1466 silly fetch manifest setprototypeof@1.1.1
1467 silly packumentCache full:https://registry.npmjs.org/setprototypeof cache-miss
1468 silly fetch manifest safer-buffer@>= 2.1.2 < 3
1469 silly packumentCache full:https://registry.npmjs.org/safer-buffer cache-miss
1470 http fetch GET 200 https://registry.npmjs.org/toidentifier 73ms (cache miss)
1471 silly packumentCache full:https://registry.npmjs.org/toidentifier set size:undefined disposed:false
1472 http fetch GET 200 https://registry.npmjs.org/depd 124ms (cache miss)
1473 silly packumentCache full:https://registry.npmjs.org/depd set size:undefined disposed:false
1474 http fetch GET 200 https://registry.npmjs.org/statuses 126ms (cache miss)
1475 silly packumentCache full:https://registry.npmjs.org/statuses set size:undefined disposed:false
1476 http fetch GET 200 https://registry.npmjs.org/safer-buffer 130ms (cache miss)
1477 silly packumentCache full:https://registry.npmjs.org/safer-buffer set size:undefined disposed:false
1478 http fetch GET 200 https://registry.npmjs.org/setprototypeof 137ms (cache miss)
1479 silly packumentCache full:https://registry.npmjs.org/setprototypeof set size:undefined disposed:false
1480 http fetch GET 200 https://registry.npmjs.org/inherits 153ms (cache miss)
1481 silly packumentCache full:https://registry.npmjs.org/inherits set size:undefined disposed:false
1482 silly placeDep ROOT depd@1.1.2 OK for: http-errors@1.7.3 want: ~1.1.2
1483 silly placeDep ROOT inherits@2.0.4 OK for: http-errors@1.7.3 want: 2.0.4
1484 silly placeDep ROOT setprototypeof@1.1.1 OK for: http-errors@1.7.3 want: 1.1.1
1485 silly placeDep ROOT statuses@1.5.0 OK for: http-errors@1.7.3 want: >= 1.5.0 < 2
1486 silly placeDep ROOT toidentifier@1.0.0 OK for: http-errors@1.7.3 want: 1.0.0
1487 silly placeDep ROOT safer-buffer@2.1.2 OK for: iconv-lite@0.4.24 want: >= 2.1.2 < 3
1488 silly placeDep ROOT @oxc-project/types@0.110.0 OK for: rolldown@1.0.0-rc.1 want: =0.110.0
1489 silly placeDep ROOT @rolldown/binding-android-arm64@1.0.0-rc.1 OK for: rolldown@1.0.0-rc.1 want: 1.0.0-rc.1
1490 silly placeDep ROOT @rolldown/binding-darwin-arm64@1.0.0-rc.1 OK for: rolldown@1.0.0-rc.1 want: 1.0.0-rc.1
1491 silly placeDep ROOT @rolldown/binding-darwin-x64@1.0.0-rc.1 OK for: rolldown@1.0.0-rc.1 want: 1.0.0-rc.1
1492 silly placeDep ROOT @rolldown/binding-freebsd-x64@1.0.0-rc.1 OK for: rolldown@1.0.0-rc.1 want: 1.0.0-rc.1
1493 silly placeDep ROOT @rolldown/binding-linux-arm-gnueabihf@1.0.0-rc.1 OK for: rolldown@1.0.0-rc.1 want: 1.0.0-rc.1
1494 silly placeDep ROOT @rolldown/binding-linux-arm64-gnu@1.0.0-rc.1 OK for: rolldown@1.0.0-rc.1 want: 1.0.0-rc.1
1495 silly placeDep ROOT @rolldown/binding-linux-arm64-musl@1.0.0-rc.1 OK for: rolldown@1.0.0-rc.1 want: 1.0.0-rc.1
1496 silly placeDep ROOT @rolldown/binding-linux-x64-gnu@1.0.0-rc.1 OK for: rolldown@1.0.0-rc.1 want: 1.0.0-rc.1
1497 silly placeDep ROOT @rolldown/binding-linux-x64-musl@1.0.0-rc.1 OK for: rolldown@1.0.0-rc.1 want: 1.0.0-rc.1
1498 silly placeDep ROOT @rolldown/binding-openharmony-arm64@1.0.0-rc.1 OK for: rolldown@1.0.0-rc.1 want: 1.0.0-rc.1
1499 silly placeDep ROOT @rolldown/binding-wasm32-wasi@1.0.0-rc.1 OK for: rolldown@1.0.0-rc.1 want: 1.0.0-rc.1
1500 silly placeDep ROOT @rolldown/binding-win32-arm64-msvc@1.0.0-rc.1 OK for: rolldown@1.0.0-rc.1 want: 1.0.0-rc.1
1501 silly placeDep ROOT @rolldown/binding-win32-x64-msvc@1.0.0-rc.1 OK for: rolldown@1.0.0-rc.1 want: 1.0.0-rc.1
1502 silly placeDep ROOT @rolldown/pluginutils@1.0.0-rc.1 OK for: rolldown@1.0.0-rc.1 want: 1.0.0-rc.1
1503 silly placeDep node_modules/semver lru-cache@6.0.0 OK for: semver@7.5.4 want: ^6.0.0
1504 silly fetch manifest yallist@^4.0.0
1505 silly packumentCache full:https://registry.npmjs.org/yallist cache-miss
1506 http cache https://registry.npmjs.org/yallist 3ms (cache hit)
1507 silly packumentCache full:https://registry.npmjs.org/yallist set size:34610 disposed:false
1508 silly placeDep ROOT shebang-regex@3.0.0 OK for: shebang-command@2.0.0 want: ^3.0.0
1509 silly placeDep ROOT cookie-es@2.0.0 OK for: srvx@0.8.9 want: ^2.0.0
1510 silly placeDep ROOT any-promise@1.3.0 OK for: stream-to-promise@2.2.0 want: ~1.3.0
1511 silly placeDep node_modules/stream-to-promise end-of-stream@1.1.0 OK for: stream-to-promise@2.2.0 want: ~1.1.0
1512 silly placeDep ROOT stream-to-array@2.3.0 OK for: stream-to-promise@2.2.0 want: ~2.3.0
1513 silly fetch manifest once@~1.3.0
1514 silly packumentCache full:https://registry.npmjs.org/once cache-hit
1515 silly placeDep ROOT @isaacs/fs-minipass@4.0.1 OK for: tar@7.5.7 want: ^4.0.0
1516 silly placeDep ROOT chownr@3.0.0 OK for: tar@7.5.7 want: ^3.0.0
1517 silly placeDep ROOT minizlib@3.1.0 OK for: tar@7.5.7 want: ^3.1.0
1518 silly placeDep ROOT yallist@5.0.0 OK for: tar@7.5.7 want: ^5.0.0
1519 silly placeDep ROOT convert-hrtime@3.0.0 OK for: time-span@4.0.0 want: ^3.0.0
1520 silly placeDep ROOT @ts-morph/common@0.11.1 OK for: ts-morph@12.0.0 want: ~0.11.0
1521 silly placeDep ROOT code-block-writer@10.1.1 OK for: ts-morph@12.0.0 want: ^10.1.1
1522 silly fetch manifest mkdirp@^1.0.4
1523 silly packumentCache full:https://registry.npmjs.org/mkdirp cache-miss
1524 silly fetch manifest fast-glob@^3.2.7
1525 silly packumentCache full:https://registry.npmjs.org/fast-glob cache-miss
1526 silly fetch manifest minimatch@^3.0.4
1527 silly packumentCache full:https://registry.npmjs.org/minimatch cache-hit
1528 silly fetch manifest path-browserify@^1.0.1
1529 silly packumentCache full:https://registry.npmjs.org/path-browserify cache-miss
1530 http fetch GET 200 https://registry.npmjs.org/path-browserify 102ms (cache miss)
1531 silly packumentCache full:https://registry.npmjs.org/path-browserify set size:undefined disposed:false
1532 http fetch GET 200 https://registry.npmjs.org/mkdirp 127ms (cache miss)
1533 silly packumentCache full:https://registry.npmjs.org/mkdirp set size:undefined disposed:false
1534 http fetch GET 200 https://registry.npmjs.org/fast-glob 144ms (cache miss)
1535 silly packumentCache full:https://registry.npmjs.org/fast-glob set size:undefined disposed:false
1536 silly placeDep ROOT fast-glob@3.3.3 OK for: @ts-morph/common@0.11.1 want: ^3.2.7
1537 silly placeDep node_modules/@ts-morph/common minimatch@3.1.2 OK for: @ts-morph/common@0.11.1 want: ^3.0.4
1538 silly placeDep ROOT mkdirp@1.0.4 OK for: @ts-morph/common@0.11.1 want: ^1.0.4
1539 silly placeDep ROOT path-browserify@1.0.1 OK for: @ts-morph/common@0.11.1 want: ^1.0.1
1540 silly fetch manifest @nodelib/fs.stat@^2.0.2
1541 silly packumentCache full:https://registry.npmjs.org/@nodelib%2ffs.stat cache-miss
1542 silly fetch manifest @nodelib/fs.walk@^1.2.3
1543 silly packumentCache full:https://registry.npmjs.org/@nodelib%2ffs.walk cache-miss
1544 silly fetch manifest glob-parent@^5.1.2
1545 silly packumentCache full:https://registry.npmjs.org/glob-parent cache-miss
1546 silly fetch manifest merge2@^1.3.0
1547 silly packumentCache full:https://registry.npmjs.org/merge2 cache-miss
1548 silly fetch manifest micromatch@^4.0.8
1549 silly packumentCache full:https://registry.npmjs.org/micromatch cache-miss
1550 silly fetch manifest brace-expansion@^1.1.7
1551 silly packumentCache full:https://registry.npmjs.org/brace-expansion cache-miss
1552 http fetch GET 200 https://registry.npmjs.org/brace-expansion 90ms (cache miss)
1553 silly packumentCache full:https://registry.npmjs.org/brace-expansion set size:undefined disposed:false
1554 http fetch GET 200 https://registry.npmjs.org/glob-parent 103ms (cache miss)
1555 silly packumentCache full:https://registry.npmjs.org/glob-parent set size:undefined disposed:false
1556 http fetch GET 200 https://registry.npmjs.org/@nodelib%2ffs.stat 142ms (cache miss)
1557 silly packumentCache full:https://registry.npmjs.org/@nodelib%2ffs.stat set size:undefined disposed:false
1558 http fetch GET 200 https://registry.npmjs.org/@nodelib%2ffs.walk 147ms (cache miss)
1559 silly packumentCache full:https://registry.npmjs.org/@nodelib%2ffs.walk set size:undefined disposed:false
1560 http fetch GET 200 https://registry.npmjs.org/merge2 252ms (cache miss)
1561 silly packumentCache full:https://registry.npmjs.org/merge2 set size:undefined disposed:false
1562 http fetch GET 200 https://registry.npmjs.org/micromatch 298ms (cache miss)
1563 silly packumentCache full:https://registry.npmjs.org/micromatch set size:undefined disposed:false
1564 silly placeDep ROOT @nodelib/fs.stat@2.0.5 OK for: fast-glob@3.3.3 want: ^2.0.2
1565 silly placeDep ROOT @nodelib/fs.walk@1.2.8 OK for: fast-glob@3.3.3 want: ^1.2.3
1566 silly placeDep ROOT glob-parent@5.1.2 OK for: fast-glob@3.3.3 want: ^5.1.2
1567 silly placeDep ROOT merge2@1.4.1 OK for: fast-glob@3.3.3 want: ^1.3.0
1568 silly placeDep ROOT micromatch@4.0.8 OK for: fast-glob@3.3.3 want: ^4.0.8
1569 silly fetch manifest fastq@^1.6.0
1570 silly packumentCache full:https://registry.npmjs.org/fastq cache-miss
1571 silly fetch manifest @nodelib/fs.scandir@2.1.5
1572 silly packumentCache full:https://registry.npmjs.org/@nodelib%2ffs.scandir cache-miss
1573 silly fetch manifest is-glob@^4.0.1
1574 silly packumentCache full:https://registry.npmjs.org/is-glob cache-miss
1575 silly fetch manifest braces@^3.0.3
1576 silly packumentCache full:https://registry.npmjs.org/braces cache-miss
1577 silly fetch manifest picomatch@^2.3.1
1578 silly packumentCache full:https://registry.npmjs.org/picomatch cache-miss
1579 http cache https://registry.npmjs.org/picomatch 4ms (cache hit)
1580 silly packumentCache full:https://registry.npmjs.org/picomatch set size:118818 disposed:false
1581 http fetch GET 200 https://registry.npmjs.org/@nodelib%2ffs.scandir 147ms (cache miss)
1582 silly packumentCache full:https://registry.npmjs.org/@nodelib%2ffs.scandir set size:undefined disposed:false
1583 http fetch GET 200 https://registry.npmjs.org/is-glob 148ms (cache miss)
1584 silly packumentCache full:https://registry.npmjs.org/is-glob set size:undefined disposed:false
1585 http fetch GET 200 https://registry.npmjs.org/fastq 150ms (cache miss)
1586 silly packumentCache full:https://registry.npmjs.org/fastq set size:undefined disposed:false
1587 http fetch GET 200 https://registry.npmjs.org/braces 655ms (cache miss)
1588 silly packumentCache full:https://registry.npmjs.org/braces set size:undefined disposed:false
1589 silly placeDep ROOT @nodelib/fs.scandir@2.1.5 OK for: @nodelib/fs.walk@1.2.8 want: 2.1.5
1590 silly placeDep ROOT fastq@1.20.1 OK for: @nodelib/fs.walk@1.2.8 want: ^1.6.0
1591 silly fetch manifest run-parallel@^1.1.9
1592 silly packumentCache full:https://registry.npmjs.org/run-parallel cache-miss
1593 silly fetch manifest reusify@^1.0.4
1594 silly packumentCache full:https://registry.npmjs.org/reusify cache-miss
1595 http fetch GET 200 https://registry.npmjs.org/run-parallel 136ms (cache miss)
1596 silly packumentCache full:https://registry.npmjs.org/run-parallel set size:undefined disposed:false
1597 http fetch GET 200 https://registry.npmjs.org/reusify 136ms (cache miss)
1598 silly packumentCache full:https://registry.npmjs.org/reusify set size:undefined disposed:false
1599 silly placeDep ROOT run-parallel@1.2.0 OK for: @nodelib/fs.scandir@2.1.5 want: ^1.1.9
1600 silly fetch manifest queue-microtask@^1.2.2
1601 silly packumentCache full:https://registry.npmjs.org/queue-microtask cache-miss
1602 http fetch GET 200 https://registry.npmjs.org/queue-microtask 155ms (cache miss)
1603 silly packumentCache full:https://registry.npmjs.org/queue-microtask set size:undefined disposed:false
1604 silly placeDep ROOT reusify@1.1.0 OK for: fastq@1.20.1 want: ^1.0.4
1605 silly placeDep ROOT is-glob@4.0.3 OK for: glob-parent@5.1.2 want: ^4.0.1
1606 silly fetch manifest is-extglob@^2.1.1
1607 silly packumentCache full:https://registry.npmjs.org/is-extglob cache-miss
1608 http fetch GET 200 https://registry.npmjs.org/is-extglob 74ms (cache miss)
1609 silly packumentCache full:https://registry.npmjs.org/is-extglob set size:undefined disposed:false
1610 silly placeDep ROOT is-extglob@2.1.1 OK for: is-glob@4.0.3 want: ^2.1.1
1611 silly placeDep ROOT braces@3.0.3 OK for: micromatch@4.0.8 want: ^3.0.3
1612 silly placeDep node_modules/micromatch picomatch@2.3.1 OK for: micromatch@4.0.8 want: ^2.3.1
1613 silly fetch manifest fill-range@^7.1.1
1614 silly packumentCache full:https://registry.npmjs.org/fill-range cache-miss
1615 http fetch GET 200 https://registry.npmjs.org/fill-range 143ms (cache miss)
1616 silly packumentCache full:https://registry.npmjs.org/fill-range set size:undefined disposed:false
1617 silly placeDep ROOT fill-range@7.1.1 OK for: braces@3.0.3 want: ^7.1.1
1618 silly fetch manifest to-regex-range@^5.0.1
1619 silly packumentCache full:https://registry.npmjs.org/to-regex-range cache-miss
1620 http fetch GET 200 https://registry.npmjs.org/to-regex-range 139ms (cache miss)
1621 silly packumentCache full:https://registry.npmjs.org/to-regex-range set size:undefined disposed:false
1622 silly placeDep ROOT to-regex-range@5.0.1 OK for: fill-range@7.1.1 want: ^5.0.1
1623 silly fetch manifest is-number@^7.0.0
1624 silly packumentCache full:https://registry.npmjs.org/is-number cache-miss
1625 http fetch GET 200 https://registry.npmjs.org/is-number 135ms (cache miss)
1626 silly packumentCache full:https://registry.npmjs.org/is-number set size:undefined disposed:false
1627 silly placeDep ROOT queue-microtask@1.2.3 OK for: run-parallel@1.2.0 want: ^1.2.2
1628 silly placeDep ROOT is-number@7.0.0 OK for: to-regex-range@5.0.1 want: ^7.0.0
1629 silly placeDep ROOT fsevents@2.3.3 OK for: tsx@4.21.0 want: ~2.3.3
1630 silly placeDep ROOT get-tsconfig@4.13.6 OK for: tsx@4.21.0 want: ^4.7.5
1631 silly fetch manifest resolve-pkg-maps@^1.0.0
1632 silly packumentCache full:https://registry.npmjs.org/resolve-pkg-maps cache-miss
1633 http fetch GET 200 https://registry.npmjs.org/resolve-pkg-maps 90ms (cache miss)
1634 silly packumentCache full:https://registry.npmjs.org/resolve-pkg-maps set size:undefined disposed:false
1635 silly placeDep ROOT resolve-pkg-maps@1.0.0 OK for: get-tsconfig@4.13.6 want: ^1.0.0
1636 silly placeDep ROOT @fastify/busboy@2.1.1 OK for: undici@5.29.0 want: ^2.0.0
1637 silly placeDep ROOT punycode@2.3.1 OK for: uri-js@4.4.1 want: ^2.1.0
1638 silly placeDep ROOT tr46@0.0.3 OK for: whatwg-url@5.0.0 want: ~0.0.3
1639 silly placeDep ROOT webidl-conversions@3.0.1 OK for: whatwg-url@5.0.0 want: ^3.0.0
1640 silly placeDep ROOT isexe@2.0.0 OK for: which@2.0.2 want: ^2.0.0
1641 silly placeDep ROOT xdg-portable@7.3.0 OK for: xdg-app-paths@5.1.0 want: ^7.0.0
1642 silly fetch manifest os-paths@^4.0.1
1643 silly packumentCache full:https://registry.npmjs.org/os-paths cache-miss
1644 http fetch GET 200 https://registry.npmjs.org/os-paths 722ms (cache miss)
1645 silly packumentCache full:https://registry.npmjs.org/os-paths set size:undefined disposed:false
1646 silly placeDep ROOT os-paths@4.4.0 OK for: xdg-portable@7.3.0 want: ^4.0.1
1647 silly placeDep ROOT yauzl@2.10.0 OK for: yauzl-promise@2.1.3 want: ^2.9.1
1648 silly placeDep ROOT yauzl-clone@1.0.4 OK for: yauzl-promise@2.1.3 want: ^1.0.4
1649 silly fetch manifest fd-slicer@~1.1.0
1650 silly packumentCache full:https://registry.npmjs.org/fd-slicer cache-miss
1651 silly fetch manifest buffer-crc32@~0.2.3
1652 silly packumentCache full:https://registry.npmjs.org/buffer-crc32 cache-miss
1653 silly fetch manifest events-intercept@^2.0.0
1654 silly packumentCache full:https://registry.npmjs.org/events-intercept cache-miss
1655 http fetch GET 200 https://registry.npmjs.org/buffer-crc32 127ms (cache miss)
1656 silly packumentCache full:https://registry.npmjs.org/buffer-crc32 set size:undefined disposed:false
1657 http fetch GET 200 https://registry.npmjs.org/fd-slicer 129ms (cache miss)
1658 silly packumentCache full:https://registry.npmjs.org/fd-slicer set size:undefined disposed:false
1659 http fetch GET 200 https://registry.npmjs.org/events-intercept 343ms (cache miss)
1660 silly packumentCache full:https://registry.npmjs.org/events-intercept set size:undefined disposed:false
1661 silly placeDep ROOT buffer-crc32@0.2.13 OK for: yauzl@2.10.0 want: ~0.2.3
1662 silly placeDep ROOT fd-slicer@1.1.0 OK for: yauzl@2.10.0 want: ~1.1.0
1663 silly fetch manifest pend@~1.2.0
1664 silly packumentCache full:https://registry.npmjs.org/pend cache-miss
1665 http fetch GET 200 https://registry.npmjs.org/pend 82ms (cache miss)
1666 silly packumentCache full:https://registry.npmjs.org/pend set size:undefined disposed:false
1667 silly placeDep ROOT pend@1.2.0 OK for: fd-slicer@1.1.0 want: ~1.2.0
1668 silly placeDep ROOT events-intercept@2.0.0 OK for: yauzl-clone@1.0.4 want: ^2.0.0
1669 silly placeDep ROOT brace-expansion@1.1.12 OK for: minimatch@3.1.2 want: ^1.1.7
1670 silly fetch manifest balanced-match@^1.0.0
1671 silly packumentCache full:https://registry.npmjs.org/balanced-match cache-miss
1672 silly fetch manifest concat-map@0.0.1
1673 silly packumentCache full:https://registry.npmjs.org/concat-map cache-miss
1674 http fetch GET 200 https://registry.npmjs.org/concat-map 82ms (cache miss)
1675 silly packumentCache full:https://registry.npmjs.org/concat-map set size:undefined disposed:false
1676 http fetch GET 200 https://registry.npmjs.org/balanced-match 129ms (cache miss)
1677 silly packumentCache full:https://registry.npmjs.org/balanced-match set size:undefined disposed:false
1678 silly placeDep ROOT balanced-match@1.0.2 OK for: brace-expansion@1.1.12 want: ^1.0.0
1679 silly placeDep ROOT concat-map@0.0.1 OK for: brace-expansion@1.1.12 want: 0.0.1
1680 silly placeDep node_modules/@vercel/rust get-stream@6.0.1 OK for: execa@5.1.1 want: ^6.0.0
1681 silly placeDep node_modules/@vercel/rust human-signals@2.1.0 OK for: execa@5.1.1 want: ^2.1.0
1682 silly placeDep node_modules/@vercel/rust signal-exit@3.0.7 OK for: execa@5.1.1 want: ^3.0.3
1683 silly placeDep node_modules/semver yallist@4.0.0 OK for: lru-cache@6.0.0 want: ^4.0.0
1684 silly placeDep node_modules/stream-to-promise once@1.3.3 OK for: end-of-stream@1.1.0 want: ~1.3.0
1685 silly reify moves {}
1686 silly audit bulk request {
1686 silly audit   vercel: [ '50.13.2' ],
1686 silly audit   '@vercel/backends': [ '0.0.30' ],
1686 silly audit   typescript: [ '5.9.3' ],
1686 silly audit   '@vercel/blob': [ '1.0.2' ],
1686 silly audit   '@vercel/build-utils': [ '13.3.3' ],
1686 silly audit   '@vercel/detect-agent': [ '1.1.0' ],
1686 silly audit   '@vercel/elysia': [ '0.1.32' ],
1686 silly audit   '@vercel/express': [ '0.1.41' ],
1686 silly audit   '@vercel/fastify': [ '0.1.35' ],
1686 silly audit   '@vercel/fun': [ '1.3.0' ],
1686 silly audit   '@vercel/go': [ '3.4.0' ],
1686 silly audit   '@vercel/h3': [ '0.1.41' ],
1686 silly audit   '@vercel/hono': [ '0.2.35' ],
1686 silly audit   '@vercel/hydrogen': [ '1.3.5' ],
1686 silly audit   '@vercel/koa': [ '0.1.15' ],
1686 silly audit   '@vercel/nestjs': [ '0.2.36' ],
1686 silly audit   '@vercel/next': [ '4.15.27' ],
1686 silly audit   '@vercel/node': [ '5.5.33' ],
1686 silly audit   '@vercel/python': [ '6.8.0' ],
1686 silly audit   '@vercel/redwood': [ '2.4.9' ],
1686 silly audit   '@vercel/remix-builder': [ '5.5.10' ],
1686 silly audit   '@vercel/ruby': [ '2.2.5' ],
1686 silly audit   '@vercel/rust': [ '1.0.5' ],
1686 silly audit   '@vercel/static-build': [ '2.8.34' ],
1686 silly audit   chokidar: [ '4.0.0' ],
1686 silly audit   esbuild: [ '0.27.0' ],
1686 silly audit   'form-data': [ '4.0.5' ],
1686 silly audit   jose: [ '5.9.6' ],
1686 silly audit   '@vercel/nft': [ '1.3.0', '1.1.1' ],
1686 silly audit   execa: [ '3.2.0', '5.1.1' ],
1686 silly audit   'fs-extra': [ '11.1.0', '11.1.1' ],
1686 silly audit   'oxc-transform': [ '0.111.0' ],
1686 silly audit   'path-to-regexp': [ '8.3.0', '8.2.0', '6.1.0', '6.3.0' ],
1686 silly audit   'resolve.exports': [ '2.0.3' ],
1686 silly audit   rolldown: [ '1.0.0-rc.1' ],
1686 silly audit   srvx: [ '0.8.9' ],
1686 silly audit   tsx: [ '4.21.0' ],
1686 silly audit   zod: [ '3.22.4' ],
1686 silly audit   'async-retry': [ '1.3.3' ],
1686 silly audit   'is-buffer': [ '2.0.5' ],
1686 silly audit   'is-node-process': [ '1.2.0' ],
1686 silly audit   throttleit: [ '2.1.0' ],
1686 silly audit   undici: [ '5.29.0', '5.28.4' ],
1686 silly audit   '@vercel/python-analysis': [ '0.3.2' ],
1686 silly audit   '@vercel/static-config': [ '3.1.2' ],
1686 silly audit   '@vercel/cervel': [ '0.0.17' ],
1686 silly audit   'ts-morph': [ '12.0.0' ],
1686 silly audit   '@tootallnate/once': [ '2.0.0' ],
1686 silly audit   'async-listen': [ '1.2.0', '3.0.0', '3.0.1' ],
1686 silly audit   debug: [ '4.3.4' ],
1686 silly audit   'generic-pool': [ '3.4.2' ],
1686 silly audit   micro: [ '9.3.5-canary.3' ],
1686 silly audit   ms: [ '2.1.1', '2.1.2' ],
1686 silly audit   'node-fetch': [ '2.6.7', '2.6.9' ],
1686 silly audit   promisepipe: [ '3.0.0' ],
1686 silly audit   semver: [ '7.5.4', '6.3.1' ],
1686 silly audit   'stat-mode': [ '0.3.0' ],
1686 silly audit   'stream-to-promise': [ '2.2.0' ],
1686 silly audit   tar: [ '7.5.7' ],
1686 silly audit   tinyexec: [ '0.3.2' ],
1686 silly audit   'tree-kill': [ '1.2.2' ],
1686 silly audit   'uid-promise': [ '1.0.0' ],
1686 silly audit   'xdg-app-paths': [ '5.1.0' ],
1686 silly audit   'yauzl-promise': [ '2.1.3' ],
1686 silly audit   '@mapbox/node-pre-gyp': [ '2.0.3' ],
1686 silly audit   '@rollup/pluginutils': [ '5.3.0' ],
1686 silly audit   acorn: [ '8.15.0' ],
1686 silly audit   'acorn-import-attributes': [ '1.9.5' ],
1686 silly audit   'async-sema': [ '3.1.1' ],
1686 silly audit   bindings: [ '1.5.0' ],
1686 silly audit   'estree-walker': [ '2.0.2' ],
1686 silly audit   glob: [ '13.0.1' ],
1686 silly audit   'graceful-fs': [ '4.2.11' ],
1686 silly audit   'node-gyp-build': [ '4.8.4' ],
1686 silly audit   picomatch: [ '4.0.3', '2.3.1' ],
1686 silly audit   'resolve-from': [ '5.0.0' ],
1686 silly audit   consola: [ '3.4.2' ],
1686 silly audit   'detect-libc': [ '2.1.2' ],
1686 silly audit   'https-proxy-agent': [ '7.0.6' ],
1686 silly audit   nopt: [ '8.1.0' ],
1686 silly audit   '@types/estree': [ '1.0.8' ],
1686 silly audit   '@edge-runtime/node-utils': [ '2.3.0' ],
1686 silly audit   '@edge-runtime/primitives': [ '4.1.0' ],
1686 silly audit   '@edge-runtime/vm': [ '3.2.0' ],
1686 silly audit   '@types/node': [ '20.11.0' ],
1686 silly audit   '@vercel/error-utils': [ '2.0.3' ],
1686 silly audit   'cjs-module-lexer': [ '1.2.3' ],
1686 silly audit   'edge-runtime': [ '2.5.9' ],
1686 silly audit   'es-module-lexer': [ '1.4.1' ],
1686 silly audit   etag: [ '1.8.1' ],
1686 silly audit   'mime-types': [ '2.1.35' ],
1686 silly audit   'undici-types': [ '5.26.5' ],
1686 silly audit   '@bytecodealliance/preview2-shim': [ '0.17.6' ],
1686 silly audit   '@renovatebot/pep440': [ '4.2.1' ],
1686 silly audit   'js-yaml': [ '4.1.1' ],
1686 silly audit   minimatch: [ '10.1.1', '10.1.2', '3.1.2' ],
1686 silly audit   'pip-requirements-js': [ '1.0.2' ],
1686 silly audit   'smol-toml': [ '1.5.2' ],
1686 silly audit   '@iarna/toml': [ '2.2.5' ],
1686 silly audit   '@vercel/gatsby-plugin-vercel-analytics': [ '1.0.11' ],
1686 silly audit   '@vercel/gatsby-plugin-vercel-builder': [ '2.0.132' ],
1686 silly audit   'web-vitals': [ '0.2.4' ],
1686 silly audit   '@sinclair/typebox': [ '0.25.24' ],
1686 silly audit   ajv: [ '8.6.3' ],
1686 silly audit   'json-schema-to-ts': [ '1.6.4' ],
1686 silly audit   'fast-deep-equal': [ '3.1.3' ],
1686 silly audit   'json-schema-traverse': [ '1.0.0' ],
1686 silly audit   'require-from-string': [ '2.0.2' ],
1686 silly audit   'uri-js': [ '4.4.1' ],
1686 silly audit   retry: [ '0.13.1' ],
1686 silly audit   'file-uri-to-path': [ '1.0.0' ],
1686 silly audit   readdirp: [ '4.1.2' ],
1686 silly audit   '@edge-runtime/format': [ '2.2.1' ],
1686 silly audit   '@edge-runtime/ponyfill': [ '2.4.2' ],
1686 silly audit   mri: [ '1.2.0' ],
1686 silly audit   picocolors: [ '1.0.0' ],
1686 silly audit   'pretty-ms': [ '7.0.1' ],
1686 silly audit   'signal-exit': [ '4.0.2', '3.0.7' ],
1686 silly audit   'time-span': [ '4.0.0' ],
1686 silly audit   '@esbuild/aix-ppc64': [ '0.27.0' ],
1686 silly audit   '@esbuild/android-arm': [ '0.27.0' ],
1686 silly audit   '@esbuild/android-arm64': [ '0.27.0' ],
1686 silly audit   '@esbuild/android-x64': [ '0.27.0' ],
1686 silly audit   '@esbuild/darwin-arm64': [ '0.27.0' ],
1686 silly audit   '@esbuild/darwin-x64': [ '0.27.0' ],
1686 silly audit   '@esbuild/freebsd-arm64': [ '0.27.0' ],
1686 silly audit   '@esbuild/freebsd-x64': [ '0.27.0' ],
1686 silly audit   '@esbuild/linux-arm': [ '0.27.0' ],
1686 silly audit   '@esbuild/linux-arm64': [ '0.27.0' ],
1686 silly audit   '@esbuild/linux-ia32': [ '0.27.0' ],
1686 silly audit   '@esbuild/linux-loong64': [ '0.27.0' ],
1686 silly audit   '@esbuild/linux-mips64el': [ '0.27.0' ],
1686 silly audit   '@esbuild/linux-ppc64': [ '0.27.0' ],
1686 silly audit   '@esbuild/linux-riscv64': [ '0.27.0' ],
1686 silly audit   '@esbuild/linux-s390x': [ '0.27.0' ],
1686 silly audit   '@esbuild/linux-x64': [ '0.27.0' ],
1686 silly audit   '@esbuild/netbsd-arm64': [ '0.27.0' ],
1686 silly audit   '@esbuild/netbsd-x64': [ '0.27.0' ],
1686 silly audit   '@esbuild/openbsd-arm64': [ '0.27.0' ],
1686 silly audit   '@esbuild/openbsd-x64': [ '0.27.0' ],
1686 silly audit   '@esbuild/openharmony-arm64': [ '0.27.0' ],
1686 silly audit   '@esbuild/sunos-x64': [ '0.27.0' ],
1686 silly audit   '@esbuild/win32-arm64': [ '0.27.0' ],
1686 silly audit   '@esbuild/win32-ia32': [ '0.27.0' ],
1686 silly audit   '@esbuild/win32-x64': [ '0.27.0' ],
1686 silly audit   'cross-spawn': [ '7.0.6' ],
1686 silly audit   'get-stream': [ '5.2.0', '6.0.1' ],
1686 silly audit   'human-signals': [ '1.1.1', '2.1.0' ],
1686 silly audit   'is-stream': [ '2.0.1' ],
1686 silly audit   'merge-stream': [ '2.0.0' ],
1686 silly audit   'npm-run-path': [ '4.0.1' ],
1686 silly audit   onetime: [ '5.1.2' ],
1686 silly audit   'p-finally': [ '2.0.1' ],
1686 silly audit   'strip-final-newline': [ '2.0.0' ],
1686 silly audit   'path-key': [ '3.1.1' ],
1686 silly audit   'shebang-command': [ '2.0.0' ],
1686 silly audit   which: [ '2.0.2' ],
1686 silly audit   asynckit: [ '0.4.0' ],
1686 silly audit   'combined-stream': [ '1.0.8' ],
1686 silly audit   'es-set-tostringtag': [ '2.1.0' ],
1686 silly audit   hasown: [ '2.0.2' ],
1686 silly audit   'delayed-stream': [ '1.0.0' ],
1686 silly audit   'es-errors': [ '1.3.0' ],
1686 silly audit   'get-intrinsic': [ '1.3.0' ],
1686 silly audit   'has-tostringtag': [ '1.0.2' ],
1686 silly audit   jsonfile: [ '6.2.0' ],
1686 silly audit   universalify: [ '2.0.1' ],
1686 silly audit   'call-bind-apply-helpers': [ '1.0.2' ],
1686 silly audit   'es-define-property': [ '1.0.1' ],
1686 silly audit   'es-object-atoms': [ '1.1.1' ],
1686 silly audit   'function-bind': [ '1.1.2' ],
1686 silly audit   'get-proto': [ '1.0.1' ],
1686 silly audit   gopd: [ '1.2.0' ],
1686 silly audit   'has-symbols': [ '1.1.0' ],
1686 silly audit   'math-intrinsics': [ '1.1.0' ],
1686 silly audit   'dunder-proto': [ '1.0.1' ],
1686 silly audit   pump: [ '3.0.3' ],
1686 silly audit   minipass: [ '7.1.2' ],
1686 silly audit   'path-scurry': [ '2.0.1' ],
1686 silly audit   'agent-base': [ '7.1.4' ],
1686 silly audit   argparse: [ '2.0.1' ],
1686 silly audit   '@types/json-schema': [ '7.0.15' ],
1686 silly audit   'ts-toolbelt': [ '6.15.5' ],
1686 silly audit   arg: [ '4.1.0' ],
1686 silly audit   'content-type': [ '1.0.4' ],
1686 silly audit   'raw-body': [ '2.4.1' ],
1686 silly audit   'mime-db': [ '1.52.0' ],
1686 silly audit   '@isaacs/brace-expansion': [ '5.0.1' ],
1686 silly audit   '@isaacs/balanced-match': [ '4.0.1' ],
1686 silly audit   'whatwg-url': [ '5.0.0' ],
1686 silly audit   abbrev: [ '3.0.1' ],
1686 silly audit   'mimic-fn': [ '2.1.0' ],
1686 silly audit   '@oxc-transform/binding-android-arm-eabi': [ '0.111.0' ],
1686 silly audit   '@oxc-transform/binding-android-arm64': [ '0.111.0' ],
1686 silly audit   '@oxc-transform/binding-darwin-arm64': [ '0.111.0' ],
1686 silly audit   '@oxc-transform/binding-darwin-x64': [ '0.111.0' ],
1686 silly audit   '@oxc-transform/binding-freebsd-x64': [ '0.111.0' ],
1686 silly audit   '@oxc-transform/binding-linux-arm-gnueabihf': [ '0.111.0' ],
1686 silly audit   '@oxc-transform/binding-linux-arm-musleabihf': [ '0.111.0' ],
1686 silly audit   '@oxc-transform/binding-linux-arm64-gnu': [ '0.111.0' ],
1686 silly audit   '@oxc-transform/binding-linux-arm64-musl': [ '0.111.0' ],
1686 silly audit   '@oxc-transform/binding-linux-ppc64-gnu': [ '0.111.0' ],
1686 silly audit   '@oxc-transform/binding-linux-riscv64-gnu': [ '0.111.0' ],
1686 silly audit   '@oxc-transform/binding-linux-riscv64-musl': [ '0.111.0' ],
1686 silly audit   '@oxc-transform/binding-linux-s390x-gnu': [ '0.111.0' ],
1686 silly audit   '@oxc-transform/binding-linux-x64-gnu': [ '0.111.0' ],
1686 silly audit   '@oxc-transform/binding-linux-x64-musl': [ '0.111.0' ],
1686 silly audit   '@oxc-transform/binding-openharmony-arm64': [ '0.111.0' ],
1686 silly audit   '@oxc-transform/binding-wasm32-wasi': [ '0.111.0' ],
1686 silly audit   '@oxc-transform/binding-win32-arm64-msvc': [ '0.111.0' ],
1686 silly audit   '@oxc-transform/binding-win32-ia32-msvc': [ '0.111.0' ],
1686 silly audit   '@oxc-transform/binding-win32-x64-msvc': [ '0.111.0' ],
1686 silly audit   '@napi-rs/wasm-runtime': [ '1.1.1' ],
1686 silly audit   '@emnapi/core': [ '1.8.1' ],
1686 silly audit   '@emnapi/runtime': [ '1.8.1' ],
1686 silly audit   '@tybys/wasm-util': [ '0.10.1' ],
1686 silly audit   '@emnapi/wasi-threads': [ '1.1.0' ],
1686 silly audit   tslib: [ '2.8.1' ],
1686 silly audit   'lru-cache': [ '11.2.5', '6.0.0' ],
1686 silly audit   'ohm-js': [ '17.3.0' ],
1686 silly audit   'parse-ms': [ '2.1.0' ],
1686 silly audit   'end-of-stream': [ '1.4.5', '1.1.0' ],
1686 silly audit   once: [ '1.4.0', '1.3.3' ],
1686 silly audit   wrappy: [ '1.0.2' ],
1686 silly audit   bytes: [ '3.1.0' ],
1686 silly audit   'http-errors': [ '1.7.3' ],
1686 silly audit   'iconv-lite': [ '0.4.24' ],
1686 silly audit   unpipe: [ '1.0.0' ],
1686 silly audit   depd: [ '1.1.2' ],
1686 silly audit   inherits: [ '2.0.4' ],
1686 silly audit   setprototypeof: [ '1.1.1' ],
1686 silly audit   statuses: [ '1.5.0' ],
1686 silly audit   toidentifier: [ '1.0.0' ],
1686 silly audit   'safer-buffer': [ '2.1.2' ],
1686 silly audit   '@oxc-project/types': [ '0.110.0' ],
1686 silly audit   '@rolldown/binding-android-arm64': [ '1.0.0-rc.1' ],
1686 silly audit   '@rolldown/binding-darwin-arm64': [ '1.0.0-rc.1' ],
1686 silly audit   '@rolldown/binding-darwin-x64': [ '1.0.0-rc.1' ],
1686 silly audit   '@rolldown/binding-freebsd-x64': [ '1.0.0-rc.1' ],
1686 silly audit   '@rolldown/binding-linux-arm-gnueabihf': [ '1.0.0-rc.1' ],
1686 silly audit   '@rolldown/binding-linux-arm64-gnu': [ '1.0.0-rc.1' ],
1686 silly audit   '@rolldown/binding-linux-arm64-musl': [ '1.0.0-rc.1' ],
1686 silly audit   '@rolldown/binding-linux-x64-gnu': [ '1.0.0-rc.1' ],
1686 silly audit   '@rolldown/binding-linux-x64-musl': [ '1.0.0-rc.1' ],
1686 silly audit   '@rolldown/binding-openharmony-arm64': [ '1.0.0-rc.1' ],
1686 silly audit   '@rolldown/binding-wasm32-wasi': [ '1.0.0-rc.1' ],
1686 silly audit   '@rolldown/binding-win32-arm64-msvc': [ '1.0.0-rc.1' ],
1686 silly audit   '@rolldown/binding-win32-x64-msvc': [ '1.0.0-rc.1' ],
1686 silly audit   '@rolldown/pluginutils': [ '1.0.0-rc.1' ],
1686 silly audit   'shebang-regex': [ '3.0.0' ],
1686 silly audit   'cookie-es': [ '2.0.0' ],
1686 silly audit   'any-promise': [ '1.3.0' ],
1686 silly audit   'stream-to-array': [ '2.3.0' ],
1686 silly audit   '@isaacs/fs-minipass': [ '4.0.1' ],
1686 silly audit   chownr: [ '3.0.0' ],
1686 silly audit   minizlib: [ '3.1.0' ],
1686 silly audit   yallist: [ '5.0.0', '4.0.0' ],
1686 silly audit   'convert-hrtime': [ '3.0.0' ],
1686 silly audit   '@ts-morph/common': [ '0.11.1' ],
1686 silly audit   'code-block-writer': [ '10.1.1' ],
1686 silly audit   'fast-glob': [ '3.3.3' ],
1686 silly audit   mkdirp: [ '1.0.4' ],
1686 silly audit   'path-browserify': [ '1.0.1' ],
1686 silly audit   '@nodelib/fs.stat': [ '2.0.5' ],
1686 silly audit   '@nodelib/fs.walk': [ '1.2.8' ],
1686 silly audit   'glob-parent': [ '5.1.2' ],
1686 silly audit   merge2: [ '1.4.1' ],
1686 silly audit   micromatch: [ '4.0.8' ],
1686 silly audit   '@nodelib/fs.scandir': [ '2.1.5' ],
1686 silly audit   fastq: [ '1.20.1' ],
1686 silly audit   'run-parallel': [ '1.2.0' ],
1686 silly audit   reusify: [ '1.1.0' ],
1686 silly audit   'is-glob': [ '4.0.3' ],
1686 silly audit   'is-extglob': [ '2.1.1' ],
1686 silly audit   braces: [ '3.0.3' ],
1686 silly audit   'fill-range': [ '7.1.1' ],
1686 silly audit   'to-regex-range': [ '5.0.1' ],
1686 silly audit   'queue-microtask': [ '1.2.3' ],
1686 silly audit   'is-number': [ '7.0.0' ],
1686 silly audit   fsevents: [ '2.3.3' ],
1686 silly audit   'get-tsconfig': [ '4.13.6' ],
1686 silly audit   'resolve-pkg-maps': [ '1.0.0' ],
1686 silly audit   '@fastify/busboy': [ '2.1.1' ],
1686 silly audit   punycode: [ '2.3.1' ],
1686 silly audit   tr46: [ '0.0.3' ],
1686 silly audit   'webidl-conversions': [ '3.0.1' ],
1686 silly audit   isexe: [ '2.0.0' ],
1686 silly audit   'xdg-portable': [ '7.3.0' ],
1686 silly audit   'os-paths': [ '4.4.0' ],
1686 silly audit   yauzl: [ '2.10.0' ],
1686 silly audit   'yauzl-clone': [ '1.0.4' ],
1686 silly audit   'buffer-crc32': [ '0.2.13' ],
1686 silly audit   'fd-slicer': [ '1.1.0' ],
1686 silly audit   pend: [ '1.2.0' ],
1686 silly audit   'events-intercept': [ '2.0.0' ],
1686 silly audit   'brace-expansion': [ '1.1.12' ],
1686 silly audit   'balanced-match': [ '1.0.2' ],
1686 silly audit   'concat-map': [ '0.0.1' ]
1686 silly audit }
1687 http cache events-intercept@https://registry.npmjs.org/events-intercept/-/events-intercept-2.0.0.tgz 0ms (cache hit)
1688 http cache concat-map@https://registry.npmjs.org/concat-map/-/concat-map-0.0.1.tgz 0ms (cache hit)
1689 http cache brace-expansion@https://registry.npmjs.org/brace-expansion/-/brace-expansion-1.1.12.tgz 0ms (cache hit)
1690 http cache fd-slicer@https://registry.npmjs.org/fd-slicer/-/fd-slicer-1.1.0.tgz 0ms (cache hit)
1691 http cache buffer-crc32@https://registry.npmjs.org/buffer-crc32/-/buffer-crc32-0.2.13.tgz 0ms (cache hit)
1692 http cache yauzl@https://registry.npmjs.org/yauzl/-/yauzl-2.10.0.tgz 0ms (cache hit)
1693 http cache yauzl-clone@https://registry.npmjs.org/yauzl-clone/-/yauzl-clone-1.0.4.tgz 0ms (cache hit)
1694 http cache os-paths@https://registry.npmjs.org/os-paths/-/os-paths-4.4.0.tgz 0ms (cache hit)
1695 http cache xdg-portable@https://registry.npmjs.org/xdg-portable/-/xdg-portable-7.3.0.tgz 0ms (cache hit)
1696 http cache isexe@https://registry.npmjs.org/isexe/-/isexe-2.0.0.tgz 0ms (cache hit)
1697 http cache webidl-conversions@https://registry.npmjs.org/webidl-conversions/-/webidl-conversions-3.0.1.tgz 0ms (cache hit)
1698 http cache tr46@https://registry.npmjs.org/tr46/-/tr46-0.0.3.tgz 0ms (cache hit)
1699 http cache pend@https://registry.npmjs.org/pend/-/pend-1.2.0.tgz 0ms (cache hit)
1700 http cache @fastify/busboy@https://registry.npmjs.org/@fastify/busboy/-/busboy-2.1.1.tgz 0ms (cache hit)
1701 http cache resolve-pkg-maps@https://registry.npmjs.org/resolve-pkg-maps/-/resolve-pkg-maps-1.0.0.tgz 0ms (cache hit)
1702 http cache balanced-match@https://registry.npmjs.org/balanced-match/-/balanced-match-1.0.2.tgz 0ms (cache hit)
1703 http cache fsevents@https://registry.npmjs.org/fsevents/-/fsevents-2.3.3.tgz 0ms (cache hit)
1704 http cache punycode@https://registry.npmjs.org/punycode/-/punycode-2.3.1.tgz 0ms (cache hit)
1705 http cache get-tsconfig@https://registry.npmjs.org/get-tsconfig/-/get-tsconfig-4.13.6.tgz 0ms (cache hit)
1706 http cache is-number@https://registry.npmjs.org/is-number/-/is-number-7.0.0.tgz 0ms (cache hit)
1707 http cache to-regex-range@https://registry.npmjs.org/to-regex-range/-/to-regex-range-5.0.1.tgz 0ms (cache hit)
1708 http cache queue-microtask@https://registry.npmjs.org/queue-microtask/-/queue-microtask-1.2.3.tgz 0ms (cache hit)
1709 http cache fill-range@https://registry.npmjs.org/fill-range/-/fill-range-7.1.1.tgz 0ms (cache hit)
1710 http cache braces@https://registry.npmjs.org/braces/-/braces-3.0.3.tgz 0ms (cache hit)
1711 http cache is-extglob@https://registry.npmjs.org/is-extglob/-/is-extglob-2.1.1.tgz 0ms (cache hit)
1712 http cache is-glob@https://registry.npmjs.org/is-glob/-/is-glob-4.0.3.tgz 0ms (cache hit)
1713 http cache reusify@https://registry.npmjs.org/reusify/-/reusify-1.1.0.tgz 0ms (cache hit)
1714 http cache run-parallel@https://registry.npmjs.org/run-parallel/-/run-parallel-1.2.0.tgz 0ms (cache hit)
1715 http cache fastq@https://registry.npmjs.org/fastq/-/fastq-1.20.1.tgz 0ms (cache hit)
1716 http cache @nodelib/fs.scandir@https://registry.npmjs.org/@nodelib/fs.scandir/-/fs.scandir-2.1.5.tgz 0ms (cache hit)
1717 http cache micromatch@https://registry.npmjs.org/micromatch/-/micromatch-4.0.8.tgz 0ms (cache hit)
1718 http cache merge2@https://registry.npmjs.org/merge2/-/merge2-1.4.1.tgz 0ms (cache hit)
1719 http cache glob-parent@https://registry.npmjs.org/glob-parent/-/glob-parent-5.1.2.tgz 0ms (cache hit)
1720 http cache @nodelib/fs.walk@https://registry.npmjs.org/@nodelib/fs.walk/-/fs.walk-1.2.8.tgz 0ms (cache hit)
1721 http cache path-browserify@https://registry.npmjs.org/path-browserify/-/path-browserify-1.0.1.tgz 0ms (cache hit)
1722 http cache @nodelib/fs.stat@https://registry.npmjs.org/@nodelib/fs.stat/-/fs.stat-2.0.5.tgz 0ms (cache hit)
1723 http cache mkdirp@https://registry.npmjs.org/mkdirp/-/mkdirp-1.0.4.tgz 0ms (cache hit)
1724 http cache fast-glob@https://registry.npmjs.org/fast-glob/-/fast-glob-3.3.3.tgz 0ms (cache hit)
1725 http cache code-block-writer@https://registry.npmjs.org/code-block-writer/-/code-block-writer-10.1.1.tgz 0ms (cache hit)
1726 http cache @ts-morph/common@https://registry.npmjs.org/@ts-morph/common/-/common-0.11.1.tgz 0ms (cache hit)
1727 http cache convert-hrtime@https://registry.npmjs.org/convert-hrtime/-/convert-hrtime-3.0.0.tgz 0ms (cache hit)
1728 http cache yallist@https://registry.npmjs.org/yallist/-/yallist-5.0.0.tgz 0ms (cache hit)
1729 http cache minizlib@https://registry.npmjs.org/minizlib/-/minizlib-3.1.0.tgz 0ms (cache hit)
1730 http cache chownr@https://registry.npmjs.org/chownr/-/chownr-3.0.0.tgz 0ms (cache hit)
1731 http cache stream-to-array@https://registry.npmjs.org/stream-to-array/-/stream-to-array-2.3.0.tgz 0ms (cache hit)
1732 http cache @isaacs/fs-minipass@https://registry.npmjs.org/@isaacs/fs-minipass/-/fs-minipass-4.0.1.tgz 0ms (cache hit)
1733 http cache any-promise@https://registry.npmjs.org/any-promise/-/any-promise-1.3.0.tgz 0ms (cache hit)
1734 http cache cookie-es@https://registry.npmjs.org/cookie-es/-/cookie-es-2.0.0.tgz 0ms (cache hit)
1735 http cache shebang-regex@https://registry.npmjs.org/shebang-regex/-/shebang-regex-3.0.0.tgz 0ms (cache hit)
1736 http cache @rolldown/pluginutils@https://registry.npmjs.org/@rolldown/pluginutils/-/pluginutils-1.0.0-rc.1.tgz 0ms (cache hit)
1737 http cache @rolldown/binding-darwin-arm64@https://registry.npmjs.org/@rolldown/binding-darwin-arm64/-/binding-darwin-arm64-1.0.0-rc.1.tgz 0ms (cache hit)
1738 http cache @oxc-project/types@https://registry.npmjs.org/@oxc-project/types/-/types-0.110.0.tgz 0ms (cache hit)
1739 http cache safer-buffer@https://registry.npmjs.org/safer-buffer/-/safer-buffer-2.1.2.tgz 0ms (cache hit)
1740 http cache toidentifier@https://registry.npmjs.org/toidentifier/-/toidentifier-1.0.0.tgz 0ms (cache hit)
1741 http cache statuses@https://registry.npmjs.org/statuses/-/statuses-1.5.0.tgz 0ms (cache hit)
1742 http cache setprototypeof@https://registry.npmjs.org/setprototypeof/-/setprototypeof-1.1.1.tgz 0ms (cache hit)
1743 http cache inherits@https://registry.npmjs.org/inherits/-/inherits-2.0.4.tgz 0ms (cache hit)
1744 http cache depd@https://registry.npmjs.org/depd/-/depd-1.1.2.tgz 0ms (cache hit)
1745 http cache unpipe@https://registry.npmjs.org/unpipe/-/unpipe-1.0.0.tgz 0ms (cache hit)
1746 http cache iconv-lite@https://registry.npmjs.org/iconv-lite/-/iconv-lite-0.4.24.tgz 0ms (cache hit)
1747 http cache http-errors@https://registry.npmjs.org/http-errors/-/http-errors-1.7.3.tgz 0ms (cache hit)
1748 http cache wrappy@https://registry.npmjs.org/wrappy/-/wrappy-1.0.2.tgz 0ms (cache hit)
1749 http cache once@https://registry.npmjs.org/once/-/once-1.4.0.tgz 0ms (cache hit)
1750 http cache bytes@https://registry.npmjs.org/bytes/-/bytes-3.1.0.tgz 0ms (cache hit)
1751 http cache end-of-stream@https://registry.npmjs.org/end-of-stream/-/end-of-stream-1.4.5.tgz 0ms (cache hit)
1752 http cache ohm-js@https://registry.npmjs.org/ohm-js/-/ohm-js-17.3.0.tgz 0ms (cache hit)
1753 http cache parse-ms@https://registry.npmjs.org/parse-ms/-/parse-ms-2.1.0.tgz 0ms (cache hit)
1754 http cache lru-cache@https://registry.npmjs.org/lru-cache/-/lru-cache-11.2.5.tgz 0ms (cache hit)
1755 http cache @emnapi/wasi-threads@https://registry.npmjs.org/@emnapi/wasi-threads/-/wasi-threads-1.1.0.tgz 0ms (cache hit)
1756 http cache @tybys/wasm-util@https://registry.npmjs.org/@tybys/wasm-util/-/wasm-util-0.10.1.tgz 0ms (cache hit)
1757 http cache tslib@https://registry.npmjs.org/tslib/-/tslib-2.8.1.tgz 0ms (cache hit)
1758 http cache @emnapi/runtime@https://registry.npmjs.org/@emnapi/runtime/-/runtime-1.8.1.tgz 0ms (cache hit)
1759 http cache @emnapi/core@https://registry.npmjs.org/@emnapi/core/-/core-1.8.1.tgz 0ms (cache hit)
1760 http cache @napi-rs/wasm-runtime@https://registry.npmjs.org/@napi-rs/wasm-runtime/-/wasm-runtime-1.1.1.tgz 0ms (cache hit)
1761 http cache @oxc-transform/binding-darwin-arm64@https://registry.npmjs.org/@oxc-transform/binding-darwin-arm64/-/binding-darwin-arm64-0.111.0.tgz 0ms (cache hit)
1762 http cache mimic-fn@https://registry.npmjs.org/mimic-fn/-/mimic-fn-2.1.0.tgz 0ms (cache hit)
1763 http cache whatwg-url@https://registry.npmjs.org/whatwg-url/-/whatwg-url-5.0.0.tgz 0ms (cache hit)
1764 http cache @isaacs/balanced-match@https://registry.npmjs.org/@isaacs/balanced-match/-/balanced-match-4.0.1.tgz 0ms (cache hit)
1765 http cache @isaacs/brace-expansion@https://registry.npmjs.org/@isaacs/brace-expansion/-/brace-expansion-5.0.1.tgz 0ms (cache hit)
1766 http cache mime-db@https://registry.npmjs.org/mime-db/-/mime-db-1.52.0.tgz 0ms (cache hit)
1767 http cache raw-body@https://registry.npmjs.org/raw-body/-/raw-body-2.4.1.tgz 0ms (cache hit)
1768 http cache content-type@https://registry.npmjs.org/content-type/-/content-type-1.0.4.tgz 0ms (cache hit)
1769 http cache abbrev@https://registry.npmjs.org/abbrev/-/abbrev-3.0.1.tgz 0ms (cache hit)
1770 http cache arg@https://registry.npmjs.org/arg/-/arg-4.1.0.tgz 0ms (cache hit)
1771 http cache ts-toolbelt@https://registry.npmjs.org/ts-toolbelt/-/ts-toolbelt-6.15.5.tgz 0ms (cache hit)
1772 http cache @types/json-schema@https://registry.npmjs.org/@types/json-schema/-/json-schema-7.0.15.tgz 0ms (cache hit)
1773 http cache argparse@https://registry.npmjs.org/argparse/-/argparse-2.0.1.tgz 0ms (cache hit)
1774 http cache agent-base@https://registry.npmjs.org/agent-base/-/agent-base-7.1.4.tgz 0ms (cache hit)
1775 http cache path-scurry@https://registry.npmjs.org/path-scurry/-/path-scurry-2.0.1.tgz 0ms (cache hit)
1776 http cache minipass@https://registry.npmjs.org/minipass/-/minipass-7.1.2.tgz 0ms (cache hit)
1777 http cache pump@https://registry.npmjs.org/pump/-/pump-3.0.3.tgz 0ms (cache hit)
1778 http cache dunder-proto@https://registry.npmjs.org/dunder-proto/-/dunder-proto-1.0.1.tgz 0ms (cache hit)
1779 http cache gopd@https://registry.npmjs.org/gopd/-/gopd-1.2.0.tgz 0ms (cache hit)
1780 http cache math-intrinsics@https://registry.npmjs.org/math-intrinsics/-/math-intrinsics-1.1.0.tgz 0ms (cache hit)
1781 http cache has-symbols@https://registry.npmjs.org/has-symbols/-/has-symbols-1.1.0.tgz 0ms (cache hit)
1782 http cache function-bind@https://registry.npmjs.org/function-bind/-/function-bind-1.1.2.tgz 0ms (cache hit)
1783 http cache es-object-atoms@https://registry.npmjs.org/es-object-atoms/-/es-object-atoms-1.1.1.tgz 0ms (cache hit)
1784 http cache es-define-property@https://registry.npmjs.org/es-define-property/-/es-define-property-1.0.1.tgz 0ms (cache hit)
1785 http cache get-proto@https://registry.npmjs.org/get-proto/-/get-proto-1.0.1.tgz 0ms (cache hit)
1786 http cache universalify@https://registry.npmjs.org/universalify/-/universalify-2.0.1.tgz 0ms (cache hit)
1787 http cache call-bind-apply-helpers@https://registry.npmjs.org/call-bind-apply-helpers/-/call-bind-apply-helpers-1.0.2.tgz 0ms (cache hit)
1788 http cache jsonfile@https://registry.npmjs.org/jsonfile/-/jsonfile-6.2.0.tgz 0ms (cache hit)
1789 http cache has-tostringtag@https://registry.npmjs.org/has-tostringtag/-/has-tostringtag-1.0.2.tgz 0ms (cache hit)
1790 http cache get-intrinsic@https://registry.npmjs.org/get-intrinsic/-/get-intrinsic-1.3.0.tgz 0ms (cache hit)
1791 http cache es-errors@https://registry.npmjs.org/es-errors/-/es-errors-1.3.0.tgz 0ms (cache hit)
1792 http cache delayed-stream@https://registry.npmjs.org/delayed-stream/-/delayed-stream-1.0.0.tgz 0ms (cache hit)
1793 http cache es-set-tostringtag@https://registry.npmjs.org/es-set-tostringtag/-/es-set-tostringtag-2.1.0.tgz 1ms (cache hit)
1794 http cache hasown@https://registry.npmjs.org/hasown/-/hasown-2.0.2.tgz 0ms (cache hit)
1795 http cache combined-stream@https://registry.npmjs.org/combined-stream/-/combined-stream-1.0.8.tgz 0ms (cache hit)
1796 http cache asynckit@https://registry.npmjs.org/asynckit/-/asynckit-0.4.0.tgz 0ms (cache hit)
1797 http cache which@https://registry.npmjs.org/which/-/which-2.0.2.tgz 0ms (cache hit)
1798 http cache shebang-command@https://registry.npmjs.org/shebang-command/-/shebang-command-2.0.0.tgz 0ms (cache hit)
1799 http cache path-key@https://registry.npmjs.org/path-key/-/path-key-3.1.1.tgz 0ms (cache hit)
1800 http cache strip-final-newline@https://registry.npmjs.org/strip-final-newline/-/strip-final-newline-2.0.0.tgz 0ms (cache hit)
1801 http cache p-finally@https://registry.npmjs.org/p-finally/-/p-finally-2.0.1.tgz 0ms (cache hit)
1802 http cache onetime@https://registry.npmjs.org/onetime/-/onetime-5.1.2.tgz 0ms (cache hit)
1803 http cache npm-run-path@https://registry.npmjs.org/npm-run-path/-/npm-run-path-4.0.1.tgz 0ms (cache hit)
1804 http cache merge-stream@https://registry.npmjs.org/merge-stream/-/merge-stream-2.0.0.tgz 0ms (cache hit)
1805 http cache is-stream@https://registry.npmjs.org/is-stream/-/is-stream-2.0.1.tgz 0ms (cache hit)
1806 http cache human-signals@https://registry.npmjs.org/human-signals/-/human-signals-1.1.1.tgz 0ms (cache hit)
1807 http cache get-stream@https://registry.npmjs.org/get-stream/-/get-stream-5.2.0.tgz 0ms (cache hit)
1808 http cache cross-spawn@https://registry.npmjs.org/cross-spawn/-/cross-spawn-7.0.6.tgz 0ms (cache hit)
1809 http cache @esbuild/darwin-arm64@https://registry.npmjs.org/@esbuild/darwin-arm64/-/darwin-arm64-0.27.0.tgz 0ms (cache hit)
1810 http cache time-span@https://registry.npmjs.org/time-span/-/time-span-4.0.0.tgz 0ms (cache hit)
1811 http cache pretty-ms@https://registry.npmjs.org/pretty-ms/-/pretty-ms-7.0.1.tgz 0ms (cache hit)
1812 http cache picocolors@https://registry.npmjs.org/picocolors/-/picocolors-1.0.0.tgz 0ms (cache hit)
1813 http cache signal-exit@https://registry.npmjs.org/signal-exit/-/signal-exit-4.0.2.tgz 0ms (cache hit)
1814 http cache mri@https://registry.npmjs.org/mri/-/mri-1.2.0.tgz 0ms (cache hit)
1815 http cache @edge-runtime/ponyfill@https://registry.npmjs.org/@edge-runtime/ponyfill/-/ponyfill-2.4.2.tgz 0ms (cache hit)
1816 http cache @edge-runtime/format@https://registry.npmjs.org/@edge-runtime/format/-/format-2.2.1.tgz 0ms (cache hit)
1817 http cache readdirp@https://registry.npmjs.org/readdirp/-/readdirp-4.1.2.tgz 0ms (cache hit)
1818 http cache file-uri-to-path@https://registry.npmjs.org/file-uri-to-path/-/file-uri-to-path-1.0.0.tgz 0ms (cache hit)
1819 http cache uri-js@https://registry.npmjs.org/uri-js/-/uri-js-4.4.1.tgz 0ms (cache hit)
1820 http cache retry@https://registry.npmjs.org/retry/-/retry-0.13.1.tgz 0ms (cache hit)
1821 http cache require-from-string@https://registry.npmjs.org/require-from-string/-/require-from-string-2.0.2.tgz 0ms (cache hit)
1822 http cache json-schema-traverse@https://registry.npmjs.org/json-schema-traverse/-/json-schema-traverse-1.0.0.tgz 0ms (cache hit)
1823 http cache fast-deep-equal@https://registry.npmjs.org/fast-deep-equal/-/fast-deep-equal-3.1.3.tgz 0ms (cache hit)
1824 http cache json-schema-to-ts@https://registry.npmjs.org/json-schema-to-ts/-/json-schema-to-ts-1.6.4.tgz 0ms (cache hit)
1825 http cache ajv@https://registry.npmjs.org/ajv/-/ajv-8.6.3.tgz 0ms (cache hit)
1826 http cache @sinclair/typebox@https://registry.npmjs.org/@sinclair/typebox/-/typebox-0.25.24.tgz 0ms (cache hit)
1827 http cache web-vitals@https://registry.npmjs.org/web-vitals/-/web-vitals-0.2.4.tgz 0ms (cache hit)
1828 http cache @vercel/gatsby-plugin-vercel-builder@https://registry.npmjs.org/@vercel/gatsby-plugin-vercel-builder/-/gatsby-plugin-vercel-builder-2.0.132.tgz 0ms (cache hit)
1829 http cache @vercel/gatsby-plugin-vercel-analytics@https://registry.npmjs.org/@vercel/gatsby-plugin-vercel-analytics/-/gatsby-plugin-vercel-analytics-1.0.11.tgz 0ms (cache hit)
1830 http cache @iarna/toml@https://registry.npmjs.org/@iarna/toml/-/toml-2.2.5.tgz 0ms (cache hit)
1831 http cache smol-toml@https://registry.npmjs.org/smol-toml/-/smol-toml-1.5.2.tgz 0ms (cache hit)
1832 http cache pip-requirements-js@https://registry.npmjs.org/pip-requirements-js/-/pip-requirements-js-1.0.2.tgz 0ms (cache hit)
1833 http cache minimatch@https://registry.npmjs.org/minimatch/-/minimatch-10.1.1.tgz 0ms (cache hit)
1834 http cache js-yaml@https://registry.npmjs.org/js-yaml/-/js-yaml-4.1.1.tgz 0ms (cache hit)
1835 http cache @renovatebot/pep440@https://registry.npmjs.org/@renovatebot/pep440/-/pep440-4.2.1.tgz 0ms (cache hit)
1836 http cache @bytecodealliance/preview2-shim@https://registry.npmjs.org/@bytecodealliance/preview2-shim/-/preview2-shim-0.17.6.tgz 0ms (cache hit)
1837 http cache undici-types@https://registry.npmjs.org/undici-types/-/undici-types-5.26.5.tgz 0ms (cache hit)
1838 http cache path-to-regexp-updated@https://registry.npmjs.org/path-to-regexp/-/path-to-regexp-6.3.0.tgz 0ms (cache hit)
1839 http cache mime-types@https://registry.npmjs.org/mime-types/-/mime-types-2.1.35.tgz 0ms (cache hit)
1840 http cache etag@https://registry.npmjs.org/etag/-/etag-1.8.1.tgz 0ms (cache hit)
1841 http cache edge-runtime@https://registry.npmjs.org/edge-runtime/-/edge-runtime-2.5.9.tgz 0ms (cache hit)
1842 http cache cjs-module-lexer@https://registry.npmjs.org/cjs-module-lexer/-/cjs-module-lexer-1.2.3.tgz 0ms (cache hit)
1843 http cache es-module-lexer@https://registry.npmjs.org/es-module-lexer/-/es-module-lexer-1.4.1.tgz 0ms (cache hit)
1844 http cache @vercel/error-utils@https://registry.npmjs.org/@vercel/error-utils/-/error-utils-2.0.3.tgz 0ms (cache hit)
1845 http cache @types/node@https://registry.npmjs.org/@types/node/-/node-20.11.0.tgz 0ms (cache hit)
1846 http cache @edge-runtime/vm@https://registry.npmjs.org/@edge-runtime/vm/-/vm-3.2.0.tgz 0ms (cache hit)
1847 http cache @edge-runtime/node-utils@https://registry.npmjs.org/@edge-runtime/node-utils/-/node-utils-2.3.0.tgz 0ms (cache hit)
1848 http cache @edge-runtime/primitives@https://registry.npmjs.org/@edge-runtime/primitives/-/primitives-4.1.0.tgz 0ms (cache hit)
1849 http cache @types/estree@https://registry.npmjs.org/@types/estree/-/estree-1.0.8.tgz 0ms (cache hit)
1850 http cache nopt@https://registry.npmjs.org/nopt/-/nopt-8.1.0.tgz 0ms (cache hit)
1851 http cache https-proxy-agent@https://registry.npmjs.org/https-proxy-agent/-/https-proxy-agent-7.0.6.tgz 0ms (cache hit)
1852 http cache detect-libc@https://registry.npmjs.org/detect-libc/-/detect-libc-2.1.2.tgz 0ms (cache hit)
1853 http cache consola@https://registry.npmjs.org/consola/-/consola-3.4.2.tgz 0ms (cache hit)
1854 http cache resolve-from@https://registry.npmjs.org/resolve-from/-/resolve-from-5.0.0.tgz 0ms (cache hit)
1855 http cache picomatch@https://registry.npmjs.org/picomatch/-/picomatch-4.0.3.tgz 0ms (cache hit)
1856 http cache node-gyp-build@https://registry.npmjs.org/node-gyp-build/-/node-gyp-build-4.8.4.tgz 0ms (cache hit)
1857 http cache graceful-fs@https://registry.npmjs.org/graceful-fs/-/graceful-fs-4.2.11.tgz 0ms (cache hit)
1858 http cache glob@https://registry.npmjs.org/glob/-/glob-13.0.1.tgz 0ms (cache hit)
1859 http cache estree-walker@https://registry.npmjs.org/estree-walker/-/estree-walker-2.0.2.tgz 0ms (cache hit)
1860 http cache bindings@https://registry.npmjs.org/bindings/-/bindings-1.5.0.tgz 0ms (cache hit)
1861 http cache async-sema@https://registry.npmjs.org/async-sema/-/async-sema-3.1.1.tgz 0ms (cache hit)
1862 http cache acorn-import-attributes@https://registry.npmjs.org/acorn-import-attributes/-/acorn-import-attributes-1.9.5.tgz 0ms (cache hit)
1863 http cache acorn@https://registry.npmjs.org/acorn/-/acorn-8.15.0.tgz 0ms (cache hit)
1864 http cache @rollup/pluginutils@https://registry.npmjs.org/@rollup/pluginutils/-/pluginutils-5.3.0.tgz 0ms (cache hit)
1865 http cache @mapbox/node-pre-gyp@https://registry.npmjs.org/@mapbox/node-pre-gyp/-/node-pre-gyp-2.0.3.tgz 0ms (cache hit)
1866 http cache yauzl-promise@https://registry.npmjs.org/yauzl-promise/-/yauzl-promise-2.1.3.tgz 0ms (cache hit)
1867 http cache xdg-app-paths@https://registry.npmjs.org/xdg-app-paths/-/xdg-app-paths-5.1.0.tgz 0ms (cache hit)
1868 http cache uid-promise@https://registry.npmjs.org/uid-promise/-/uid-promise-1.0.0.tgz 0ms (cache hit)
1869 http cache tree-kill@https://registry.npmjs.org/tree-kill/-/tree-kill-1.2.2.tgz 0ms (cache hit)
1870 http cache tinyexec@https://registry.npmjs.org/tinyexec/-/tinyexec-0.3.2.tgz 0ms (cache hit)
1871 http cache tar@https://registry.npmjs.org/tar/-/tar-7.5.7.tgz 0ms (cache hit)
1872 http cache stream-to-promise@https://registry.npmjs.org/stream-to-promise/-/stream-to-promise-2.2.0.tgz 0ms (cache hit)
1873 http cache stat-mode@https://registry.npmjs.org/stat-mode/-/stat-mode-0.3.0.tgz 0ms (cache hit)
1874 http cache semver@https://registry.npmjs.org/semver/-/semver-7.5.4.tgz 0ms (cache hit)
1875 http cache promisepipe@https://registry.npmjs.org/promisepipe/-/promisepipe-3.0.0.tgz 0ms (cache hit)
1876 http cache node-fetch@https://registry.npmjs.org/node-fetch/-/node-fetch-2.6.7.tgz 0ms (cache hit)
1877 http cache ms@https://registry.npmjs.org/ms/-/ms-2.1.1.tgz 0ms (cache hit)
1878 http cache micro@https://registry.npmjs.org/micro/-/micro-9.3.5-canary.3.tgz 0ms (cache hit)
1879 http cache generic-pool@https://registry.npmjs.org/generic-pool/-/generic-pool-3.4.2.tgz 0ms (cache hit)
1880 http cache debug@https://registry.npmjs.org/debug/-/debug-4.3.4.tgz 0ms (cache hit)
1881 http cache async-listen@https://registry.npmjs.org/async-listen/-/async-listen-1.2.0.tgz 0ms (cache hit)
1882 http cache @tootallnate/once@https://registry.npmjs.org/@tootallnate/once/-/once-2.0.0.tgz 0ms (cache hit)
1883 http cache ts-morph@https://registry.npmjs.org/ts-morph/-/ts-morph-12.0.0.tgz 0ms (cache hit)
1884 http cache @vercel/cervel@https://registry.npmjs.org/@vercel/cervel/-/cervel-0.0.17.tgz 0ms (cache hit)
1885 http cache @vercel/static-config@https://registry.npmjs.org/@vercel/static-config/-/static-config-3.1.2.tgz 0ms (cache hit)
1886 http cache undici@https://registry.npmjs.org/undici/-/undici-5.29.0.tgz 0ms (cache hit)
1887 http cache @vercel/python-analysis@https://registry.npmjs.org/@vercel/python-analysis/-/python-analysis-0.3.2.tgz 0ms (cache hit)
1888 http cache is-node-process@https://registry.npmjs.org/is-node-process/-/is-node-process-1.2.0.tgz 0ms (cache hit)
1889 http cache is-buffer@https://registry.npmjs.org/is-buffer/-/is-buffer-2.0.5.tgz 0ms (cache hit)
1890 http cache async-retry@https://registry.npmjs.org/async-retry/-/async-retry-1.3.3.tgz 0ms (cache hit)
1891 http cache throttleit@https://registry.npmjs.org/throttleit/-/throttleit-2.1.0.tgz 0ms (cache hit)
1892 http cache tsx@https://registry.npmjs.org/tsx/-/tsx-4.21.0.tgz 0ms (cache hit)
1893 http cache srvx@https://registry.npmjs.org/srvx/-/srvx-0.8.9.tgz 0ms (cache hit)
1894 http cache rolldown@https://registry.npmjs.org/rolldown/-/rolldown-1.0.0-rc.1.tgz 0ms (cache hit)
1895 http cache resolve.exports@https://registry.npmjs.org/resolve.exports/-/resolve.exports-2.0.3.tgz 0ms (cache hit)
1896 http cache path-to-regexp@https://registry.npmjs.org/path-to-regexp/-/path-to-regexp-8.3.0.tgz 0ms (cache hit)
1897 http cache oxc-transform@https://registry.npmjs.org/oxc-transform/-/oxc-transform-0.111.0.tgz 0ms (cache hit)
1898 http cache fs-extra@https://registry.npmjs.org/fs-extra/-/fs-extra-11.1.0.tgz 0ms (cache hit)
1899 http cache @vercel/nft@https://registry.npmjs.org/@vercel/nft/-/nft-1.3.0.tgz 0ms (cache hit)
1900 http cache execa@https://registry.npmjs.org/execa/-/execa-3.2.0.tgz 0ms (cache hit)
1901 http cache jose@https://registry.npmjs.org/jose/-/jose-5.9.6.tgz 0ms (cache hit)
1902 http cache chokidar@https://registry.npmjs.org/chokidar/-/chokidar-4.0.0.tgz 0ms (cache hit)
1903 http cache zod@https://registry.npmjs.org/zod/-/zod-3.22.4.tgz 0ms (cache hit)
1904 http cache @vercel/static-build@https://registry.npmjs.org/@vercel/static-build/-/static-build-2.8.34.tgz 0ms (cache hit)
1905 http cache @vercel/rust@https://registry.npmjs.org/@vercel/rust/-/rust-1.0.5.tgz 0ms (cache hit)
1906 http cache @vercel/ruby@https://registry.npmjs.org/@vercel/ruby/-/ruby-2.2.5.tgz 0ms (cache hit)
1907 http cache @vercel/remix-builder@https://registry.npmjs.org/@vercel/remix-builder/-/remix-builder-5.5.10.tgz 0ms (cache hit)
1908 http cache @vercel/redwood@https://registry.npmjs.org/@vercel/redwood/-/redwood-2.4.9.tgz 0ms (cache hit)
1909 http cache @vercel/python@https://registry.npmjs.org/@vercel/python/-/python-6.8.0.tgz 0ms (cache hit)
1910 http cache form-data@https://registry.npmjs.org/form-data/-/form-data-4.0.5.tgz 0ms (cache hit)
1911 http cache @vercel/node@https://registry.npmjs.org/@vercel/node/-/node-5.5.33.tgz 0ms (cache hit)
1912 http cache @vercel/next@https://registry.npmjs.org/@vercel/next/-/next-4.15.27.tgz 0ms (cache hit)
1913 http cache @vercel/koa@https://registry.npmjs.org/@vercel/koa/-/koa-0.1.15.tgz 0ms (cache hit)
1914 http cache @vercel/hydrogen@https://registry.npmjs.org/@vercel/hydrogen/-/hydrogen-1.3.5.tgz 0ms (cache hit)
1915 http cache @vercel/nestjs@https://registry.npmjs.org/@vercel/nestjs/-/nestjs-0.2.36.tgz 0ms (cache hit)
1916 http cache @vercel/hono@https://registry.npmjs.org/@vercel/hono/-/hono-0.2.35.tgz 0ms (cache hit)
1917 http cache @vercel/h3@https://registry.npmjs.org/@vercel/h3/-/h3-0.1.41.tgz 0ms (cache hit)
1918 http cache @vercel/go@https://registry.npmjs.org/@vercel/go/-/go-3.4.0.tgz 0ms (cache hit)
1919 http cache @vercel/fun@https://registry.npmjs.org/@vercel/fun/-/fun-1.3.0.tgz 0ms (cache hit)
1920 http cache @vercel/fastify@https://registry.npmjs.org/@vercel/fastify/-/fastify-0.1.35.tgz 0ms (cache hit)
1921 http cache @vercel/express@https://registry.npmjs.org/@vercel/express/-/express-0.1.41.tgz 0ms (cache hit)
1922 http cache @vercel/elysia@https://registry.npmjs.org/@vercel/elysia/-/elysia-0.1.32.tgz 0ms (cache hit)
1923 http cache @vercel/detect-agent@https://registry.npmjs.org/@vercel/detect-agent/-/detect-agent-1.1.0.tgz 0ms (cache hit)
1924 http cache esbuild@https://registry.npmjs.org/esbuild/-/esbuild-0.27.0.tgz 0ms (cache hit)
1925 http cache @vercel/build-utils@https://registry.npmjs.org/@vercel/build-utils/-/build-utils-13.3.3.tgz 0ms (cache hit)
1926 http cache typescript@https://registry.npmjs.org/typescript/-/typescript-5.9.3.tgz 0ms (cache hit)
1927 http cache vercel@https://registry.npmjs.org/vercel/-/vercel-50.13.2.tgz 0ms (cache hit)
1928 http cache picomatch@https://registry.npmjs.org/picomatch/-/picomatch-2.3.1.tgz 0ms (cache hit)
1929 http cache minimatch@https://registry.npmjs.org/minimatch/-/minimatch-3.1.2.tgz 0ms (cache hit)
1930 http cache async-listen@https://registry.npmjs.org/async-listen/-/async-listen-3.0.1.tgz 0ms (cache hit)
1931 http cache minimatch@https://registry.npmjs.org/minimatch/-/minimatch-10.1.2.tgz 0ms (cache hit)
1932 http cache once@https://registry.npmjs.org/once/-/once-1.3.3.tgz 0ms (cache hit)
1933 http cache end-of-stream@https://registry.npmjs.org/end-of-stream/-/end-of-stream-1.1.0.tgz 0ms (cache hit)
1934 http cache yallist@https://registry.npmjs.org/yallist/-/yallist-4.0.0.tgz 0ms (cache hit)
1935 http cache @vercel/backends@https://registry.npmjs.org/@vercel/backends/-/backends-0.0.30.tgz 0ms (cache hit)
1936 http cache lru-cache@https://registry.npmjs.org/lru-cache/-/lru-cache-6.0.0.tgz 0ms (cache hit)
1937 http cache ms@https://registry.npmjs.org/ms/-/ms-2.1.2.tgz 0ms (cache hit)
1938 http cache fs-extra@https://registry.npmjs.org/fs-extra/-/fs-extra-11.1.1.tgz 0ms (cache hit)
1939 http cache signal-exit@https://registry.npmjs.org/signal-exit/-/signal-exit-3.0.7.tgz 0ms (cache hit)
1940 http cache @vercel/blob@https://registry.npmjs.org/@vercel/blob/-/blob-1.0.2.tgz 0ms (cache hit)
1941 http cache human-signals@https://registry.npmjs.org/human-signals/-/human-signals-2.1.0.tgz 0ms (cache hit)
1942 http cache get-stream@https://registry.npmjs.org/get-stream/-/get-stream-6.0.1.tgz 0ms (cache hit)
1943 http cache execa@https://registry.npmjs.org/execa/-/execa-5.1.1.tgz 0ms (cache hit)
1944 http cache path-to-regexp@https://registry.npmjs.org/path-to-regexp/-/path-to-regexp-6.1.0.tgz 0ms (cache hit)
1945 http cache @vercel/nft@https://registry.npmjs.org/@vercel/nft/-/nft-1.1.1.tgz 0ms (cache hit)
1946 http cache semver@https://registry.npmjs.org/semver/-/semver-6.3.1.tgz 0ms (cache hit)
1947 http cache @vercel/nft@https://registry.npmjs.org/@vercel/nft/-/nft-1.1.1.tgz 0ms (cache hit)
1948 http cache undici@https://registry.npmjs.org/undici/-/undici-5.28.4.tgz 0ms (cache hit)
1949 http cache path-to-regexp@https://registry.npmjs.org/path-to-regexp/-/path-to-regexp-6.1.0.tgz 0ms (cache hit)
1950 http cache node-fetch@https://registry.npmjs.org/node-fetch/-/node-fetch-2.6.9.tgz 0ms (cache hit)
1951 http cache signal-exit@https://registry.npmjs.org/signal-exit/-/signal-exit-3.0.7.tgz 0ms (cache hit)
1952 http cache @vercel/nft@https://registry.npmjs.org/@vercel/nft/-/nft-1.1.1.tgz 0ms (cache hit)
1953 http cache @vercel/nft@https://registry.npmjs.org/@vercel/nft/-/nft-1.1.1.tgz 0ms (cache hit)
1954 http cache @vercel/nft@https://registry.npmjs.org/@vercel/nft/-/nft-1.1.1.tgz 0ms (cache hit)
1955 http cache path-to-regexp@https://registry.npmjs.org/path-to-regexp/-/path-to-regexp-8.2.0.tgz 0ms (cache hit)
1956 http cache @vercel/nft@https://registry.npmjs.org/@vercel/nft/-/nft-1.1.1.tgz 0ms (cache hit)
1957 http cache async-listen@https://registry.npmjs.org/async-listen/-/async-listen-3.0.0.tgz 0ms (cache hit)
1958 silly tarball no local data for events-intercept@https://registry.npmjs.org/events-intercept/-/events-intercept-2.0.0.tgz. Extracting by manifest.
1959 silly tarball no local data for concat-map@https://registry.npmjs.org/concat-map/-/concat-map-0.0.1.tgz. Extracting by manifest.
1960 silly tarball no local data for brace-expansion@https://registry.npmjs.org/brace-expansion/-/brace-expansion-1.1.12.tgz. Extracting by manifest.
1961 silly tarball no local data for fd-slicer@https://registry.npmjs.org/fd-slicer/-/fd-slicer-1.1.0.tgz. Extracting by manifest.
1962 silly tarball no local data for buffer-crc32@https://registry.npmjs.org/buffer-crc32/-/buffer-crc32-0.2.13.tgz. Extracting by manifest.
1963 silly tarball no local data for yauzl@https://registry.npmjs.org/yauzl/-/yauzl-2.10.0.tgz. Extracting by manifest.
1964 silly tarball no local data for yauzl-clone@https://registry.npmjs.org/yauzl-clone/-/yauzl-clone-1.0.4.tgz. Extracting by manifest.
1965 silly tarball no local data for os-paths@https://registry.npmjs.org/os-paths/-/os-paths-4.4.0.tgz. Extracting by manifest.
1966 silly tarball no local data for xdg-portable@https://registry.npmjs.org/xdg-portable/-/xdg-portable-7.3.0.tgz. Extracting by manifest.
1967 silly tarball no local data for isexe@https://registry.npmjs.org/isexe/-/isexe-2.0.0.tgz. Extracting by manifest.
1968 silly tarball no local data for webidl-conversions@https://registry.npmjs.org/webidl-conversions/-/webidl-conversions-3.0.1.tgz. Extracting by manifest.
1969 silly tarball no local data for tr46@https://registry.npmjs.org/tr46/-/tr46-0.0.3.tgz. Extracting by manifest.
1970 silly tarball no local data for pend@https://registry.npmjs.org/pend/-/pend-1.2.0.tgz. Extracting by manifest.
1971 silly tarball no local data for @fastify/busboy@https://registry.npmjs.org/@fastify/busboy/-/busboy-2.1.1.tgz. Extracting by manifest.
1972 silly tarball no local data for resolve-pkg-maps@https://registry.npmjs.org/resolve-pkg-maps/-/resolve-pkg-maps-1.0.0.tgz. Extracting by manifest.
1973 silly tarball no local data for balanced-match@https://registry.npmjs.org/balanced-match/-/balanced-match-1.0.2.tgz. Extracting by manifest.
1974 silly tarball no local data for fsevents@https://registry.npmjs.org/fsevents/-/fsevents-2.3.3.tgz. Extracting by manifest.
1975 silly tarball no local data for punycode@https://registry.npmjs.org/punycode/-/punycode-2.3.1.tgz. Extracting by manifest.
1976 silly tarball no local data for get-tsconfig@https://registry.npmjs.org/get-tsconfig/-/get-tsconfig-4.13.6.tgz. Extracting by manifest.
1977 silly tarball no local data for is-number@https://registry.npmjs.org/is-number/-/is-number-7.0.0.tgz. Extracting by manifest.
1978 silly tarball no local data for to-regex-range@https://registry.npmjs.org/to-regex-range/-/to-regex-range-5.0.1.tgz. Extracting by manifest.
1979 silly tarball no local data for queue-microtask@https://registry.npmjs.org/queue-microtask/-/queue-microtask-1.2.3.tgz. Extracting by manifest.
1980 silly tarball no local data for fill-range@https://registry.npmjs.org/fill-range/-/fill-range-7.1.1.tgz. Extracting by manifest.
1981 silly tarball no local data for braces@https://registry.npmjs.org/braces/-/braces-3.0.3.tgz. Extracting by manifest.
1982 silly tarball no local data for is-extglob@https://registry.npmjs.org/is-extglob/-/is-extglob-2.1.1.tgz. Extracting by manifest.
1983 silly tarball no local data for is-glob@https://registry.npmjs.org/is-glob/-/is-glob-4.0.3.tgz. Extracting by manifest.
1984 silly tarball no local data for reusify@https://registry.npmjs.org/reusify/-/reusify-1.1.0.tgz. Extracting by manifest.
1985 silly tarball no local data for run-parallel@https://registry.npmjs.org/run-parallel/-/run-parallel-1.2.0.tgz. Extracting by manifest.
1986 silly tarball no local data for fastq@https://registry.npmjs.org/fastq/-/fastq-1.20.1.tgz. Extracting by manifest.
1987 silly tarball no local data for @nodelib/fs.scandir@https://registry.npmjs.org/@nodelib/fs.scandir/-/fs.scandir-2.1.5.tgz. Extracting by manifest.
1988 silly tarball no local data for micromatch@https://registry.npmjs.org/micromatch/-/micromatch-4.0.8.tgz. Extracting by manifest.
1989 silly tarball no local data for merge2@https://registry.npmjs.org/merge2/-/merge2-1.4.1.tgz. Extracting by manifest.
1990 silly tarball no local data for glob-parent@https://registry.npmjs.org/glob-parent/-/glob-parent-5.1.2.tgz. Extracting by manifest.
1991 silly tarball no local data for @nodelib/fs.walk@https://registry.npmjs.org/@nodelib/fs.walk/-/fs.walk-1.2.8.tgz. Extracting by manifest.
1992 silly tarball no local data for path-browserify@https://registry.npmjs.org/path-browserify/-/path-browserify-1.0.1.tgz. Extracting by manifest.
1993 silly tarball no local data for @nodelib/fs.stat@https://registry.npmjs.org/@nodelib/fs.stat/-/fs.stat-2.0.5.tgz. Extracting by manifest.
1994 silly tarball no local data for mkdirp@https://registry.npmjs.org/mkdirp/-/mkdirp-1.0.4.tgz. Extracting by manifest.
1995 silly tarball no local data for fast-glob@https://registry.npmjs.org/fast-glob/-/fast-glob-3.3.3.tgz. Extracting by manifest.
1996 silly tarball no local data for code-block-writer@https://registry.npmjs.org/code-block-writer/-/code-block-writer-10.1.1.tgz. Extracting by manifest.
1997 silly tarball no local data for @ts-morph/common@https://registry.npmjs.org/@ts-morph/common/-/common-0.11.1.tgz. Extracting by manifest.
1998 silly tarball no local data for convert-hrtime@https://registry.npmjs.org/convert-hrtime/-/convert-hrtime-3.0.0.tgz. Extracting by manifest.
1999 silly tarball no local data for yallist@https://registry.npmjs.org/yallist/-/yallist-5.0.0.tgz. Extracting by manifest.
2000 silly tarball no local data for minizlib@https://registry.npmjs.org/minizlib/-/minizlib-3.1.0.tgz. Extracting by manifest.
2001 silly tarball no local data for chownr@https://registry.npmjs.org/chownr/-/chownr-3.0.0.tgz. Extracting by manifest.
2002 silly tarball no local data for stream-to-array@https://registry.npmjs.org/stream-to-array/-/stream-to-array-2.3.0.tgz. Extracting by manifest.
2003 silly tarball no local data for @isaacs/fs-minipass@https://registry.npmjs.org/@isaacs/fs-minipass/-/fs-minipass-4.0.1.tgz. Extracting by manifest.
2004 silly tarball no local data for any-promise@https://registry.npmjs.org/any-promise/-/any-promise-1.3.0.tgz. Extracting by manifest.
2005 silly tarball no local data for cookie-es@https://registry.npmjs.org/cookie-es/-/cookie-es-2.0.0.tgz. Extracting by manifest.
2006 silly tarball no local data for shebang-regex@https://registry.npmjs.org/shebang-regex/-/shebang-regex-3.0.0.tgz. Extracting by manifest.
2007 silly tarball no local data for @rolldown/pluginutils@https://registry.npmjs.org/@rolldown/pluginutils/-/pluginutils-1.0.0-rc.1.tgz. Extracting by manifest.
2008 silly tarball no local data for @rolldown/binding-darwin-arm64@https://registry.npmjs.org/@rolldown/binding-darwin-arm64/-/binding-darwin-arm64-1.0.0-rc.1.tgz. Extracting by manifest.
2009 silly tarball no local data for @oxc-project/types@https://registry.npmjs.org/@oxc-project/types/-/types-0.110.0.tgz. Extracting by manifest.
2010 silly tarball no local data for safer-buffer@https://registry.npmjs.org/safer-buffer/-/safer-buffer-2.1.2.tgz. Extracting by manifest.
2011 silly tarball no local data for toidentifier@https://registry.npmjs.org/toidentifier/-/toidentifier-1.0.0.tgz. Extracting by manifest.
2012 silly tarball no local data for statuses@https://registry.npmjs.org/statuses/-/statuses-1.5.0.tgz. Extracting by manifest.
2013 silly tarball no local data for setprototypeof@https://registry.npmjs.org/setprototypeof/-/setprototypeof-1.1.1.tgz. Extracting by manifest.
2014 silly tarball no local data for inherits@https://registry.npmjs.org/inherits/-/inherits-2.0.4.tgz. Extracting by manifest.
2015 silly tarball no local data for depd@https://registry.npmjs.org/depd/-/depd-1.1.2.tgz. Extracting by manifest.
2016 silly tarball no local data for unpipe@https://registry.npmjs.org/unpipe/-/unpipe-1.0.0.tgz. Extracting by manifest.
2017 silly tarball no local data for iconv-lite@https://registry.npmjs.org/iconv-lite/-/iconv-lite-0.4.24.tgz. Extracting by manifest.
2018 silly tarball no local data for http-errors@https://registry.npmjs.org/http-errors/-/http-errors-1.7.3.tgz. Extracting by manifest.
2019 silly tarball no local data for wrappy@https://registry.npmjs.org/wrappy/-/wrappy-1.0.2.tgz. Extracting by manifest.
2020 silly tarball no local data for once@https://registry.npmjs.org/once/-/once-1.4.0.tgz. Extracting by manifest.
2021 silly tarball no local data for bytes@https://registry.npmjs.org/bytes/-/bytes-3.1.0.tgz. Extracting by manifest.
2022 silly tarball no local data for end-of-stream@https://registry.npmjs.org/end-of-stream/-/end-of-stream-1.4.5.tgz. Extracting by manifest.
2023 silly tarball no local data for ohm-js@https://registry.npmjs.org/ohm-js/-/ohm-js-17.3.0.tgz. Extracting by manifest.
2024 silly tarball no local data for parse-ms@https://registry.npmjs.org/parse-ms/-/parse-ms-2.1.0.tgz. Extracting by manifest.
2025 silly tarball no local data for lru-cache@https://registry.npmjs.org/lru-cache/-/lru-cache-11.2.5.tgz. Extracting by manifest.
2026 silly tarball no local data for @emnapi/wasi-threads@https://registry.npmjs.org/@emnapi/wasi-threads/-/wasi-threads-1.1.0.tgz. Extracting by manifest.
2027 silly tarball no local data for @tybys/wasm-util@https://registry.npmjs.org/@tybys/wasm-util/-/wasm-util-0.10.1.tgz. Extracting by manifest.
2028 silly tarball no local data for tslib@https://registry.npmjs.org/tslib/-/tslib-2.8.1.tgz. Extracting by manifest.
2029 silly tarball no local data for @emnapi/runtime@https://registry.npmjs.org/@emnapi/runtime/-/runtime-1.8.1.tgz. Extracting by manifest.
2030 silly tarball no local data for @emnapi/core@https://registry.npmjs.org/@emnapi/core/-/core-1.8.1.tgz. Extracting by manifest.
2031 silly tarball no local data for @napi-rs/wasm-runtime@https://registry.npmjs.org/@napi-rs/wasm-runtime/-/wasm-runtime-1.1.1.tgz. Extracting by manifest.
2032 silly tarball no local data for @oxc-transform/binding-darwin-arm64@https://registry.npmjs.org/@oxc-transform/binding-darwin-arm64/-/binding-darwin-arm64-0.111.0.tgz. Extracting by manifest.
2033 silly tarball no local data for mimic-fn@https://registry.npmjs.org/mimic-fn/-/mimic-fn-2.1.0.tgz. Extracting by manifest.
2034 silly tarball no local data for whatwg-url@https://registry.npmjs.org/whatwg-url/-/whatwg-url-5.0.0.tgz. Extracting by manifest.
2035 silly tarball no local data for @isaacs/balanced-match@https://registry.npmjs.org/@isaacs/balanced-match/-/balanced-match-4.0.1.tgz. Extracting by manifest.
2036 silly tarball no local data for @isaacs/brace-expansion@https://registry.npmjs.org/@isaacs/brace-expansion/-/brace-expansion-5.0.1.tgz. Extracting by manifest.
2037 silly tarball no local data for mime-db@https://registry.npmjs.org/mime-db/-/mime-db-1.52.0.tgz. Extracting by manifest.
2038 silly tarball no local data for raw-body@https://registry.npmjs.org/raw-body/-/raw-body-2.4.1.tgz. Extracting by manifest.
2039 silly tarball no local data for content-type@https://registry.npmjs.org/content-type/-/content-type-1.0.4.tgz. Extracting by manifest.
2040 silly tarball no local data for abbrev@https://registry.npmjs.org/abbrev/-/abbrev-3.0.1.tgz. Extracting by manifest.
2041 silly tarball no local data for arg@https://registry.npmjs.org/arg/-/arg-4.1.0.tgz. Extracting by manifest.
2042 silly tarball no local data for ts-toolbelt@https://registry.npmjs.org/ts-toolbelt/-/ts-toolbelt-6.15.5.tgz. Extracting by manifest.
2043 silly tarball no local data for @types/json-schema@https://registry.npmjs.org/@types/json-schema/-/json-schema-7.0.15.tgz. Extracting by manifest.
2044 silly tarball no local data for argparse@https://registry.npmjs.org/argparse/-/argparse-2.0.1.tgz. Extracting by manifest.
2045 silly tarball no local data for agent-base@https://registry.npmjs.org/agent-base/-/agent-base-7.1.4.tgz. Extracting by manifest.
2046 silly tarball no local data for path-scurry@https://registry.npmjs.org/path-scurry/-/path-scurry-2.0.1.tgz. Extracting by manifest.
2047 silly tarball no local data for minipass@https://registry.npmjs.org/minipass/-/minipass-7.1.2.tgz. Extracting by manifest.
2048 silly tarball no local data for pump@https://registry.npmjs.org/pump/-/pump-3.0.3.tgz. Extracting by manifest.
2049 silly tarball no local data for dunder-proto@https://registry.npmjs.org/dunder-proto/-/dunder-proto-1.0.1.tgz. Extracting by manifest.
2050 silly tarball no local data for gopd@https://registry.npmjs.org/gopd/-/gopd-1.2.0.tgz. Extracting by manifest.
2051 silly tarball no local data for math-intrinsics@https://registry.npmjs.org/math-intrinsics/-/math-intrinsics-1.1.0.tgz. Extracting by manifest.
2052 silly tarball no local data for has-symbols@https://registry.npmjs.org/has-symbols/-/has-symbols-1.1.0.tgz. Extracting by manifest.
2053 silly tarball no local data for function-bind@https://registry.npmjs.org/function-bind/-/function-bind-1.1.2.tgz. Extracting by manifest.
2054 silly tarball no local data for es-object-atoms@https://registry.npmjs.org/es-object-atoms/-/es-object-atoms-1.1.1.tgz. Extracting by manifest.
2055 silly tarball no local data for es-define-property@https://registry.npmjs.org/es-define-property/-/es-define-property-1.0.1.tgz. Extracting by manifest.
2056 silly tarball no local data for get-proto@https://registry.npmjs.org/get-proto/-/get-proto-1.0.1.tgz. Extracting by manifest.
2057 silly tarball no local data for universalify@https://registry.npmjs.org/universalify/-/universalify-2.0.1.tgz. Extracting by manifest.
2058 silly tarball no local data for call-bind-apply-helpers@https://registry.npmjs.org/call-bind-apply-helpers/-/call-bind-apply-helpers-1.0.2.tgz. Extracting by manifest.
2059 silly tarball no local data for jsonfile@https://registry.npmjs.org/jsonfile/-/jsonfile-6.2.0.tgz. Extracting by manifest.
2060 silly tarball no local data for has-tostringtag@https://registry.npmjs.org/has-tostringtag/-/has-tostringtag-1.0.2.tgz. Extracting by manifest.
2061 silly tarball no local data for get-intrinsic@https://registry.npmjs.org/get-intrinsic/-/get-intrinsic-1.3.0.tgz. Extracting by manifest.
2062 silly tarball no local data for es-errors@https://registry.npmjs.org/es-errors/-/es-errors-1.3.0.tgz. Extracting by manifest.
2063 silly tarball no local data for delayed-stream@https://registry.npmjs.org/delayed-stream/-/delayed-stream-1.0.0.tgz. Extracting by manifest.
2064 silly tarball no local data for es-set-tostringtag@https://registry.npmjs.org/es-set-tostringtag/-/es-set-tostringtag-2.1.0.tgz. Extracting by manifest.
2065 silly tarball no local data for hasown@https://registry.npmjs.org/hasown/-/hasown-2.0.2.tgz. Extracting by manifest.
2066 silly tarball no local data for combined-stream@https://registry.npmjs.org/combined-stream/-/combined-stream-1.0.8.tgz. Extracting by manifest.
2067 silly tarball no local data for asynckit@https://registry.npmjs.org/asynckit/-/asynckit-0.4.0.tgz. Extracting by manifest.
2068 silly tarball no local data for which@https://registry.npmjs.org/which/-/which-2.0.2.tgz. Extracting by manifest.
2069 silly tarball no local data for shebang-command@https://registry.npmjs.org/shebang-command/-/shebang-command-2.0.0.tgz. Extracting by manifest.
2070 silly tarball no local data for path-key@https://registry.npmjs.org/path-key/-/path-key-3.1.1.tgz. Extracting by manifest.
2071 silly tarball no local data for strip-final-newline@https://registry.npmjs.org/strip-final-newline/-/strip-final-newline-2.0.0.tgz. Extracting by manifest.
2072 silly tarball no local data for p-finally@https://registry.npmjs.org/p-finally/-/p-finally-2.0.1.tgz. Extracting by manifest.
2073 silly tarball no local data for onetime@https://registry.npmjs.org/onetime/-/onetime-5.1.2.tgz. Extracting by manifest.
2074 silly tarball no local data for npm-run-path@https://registry.npmjs.org/npm-run-path/-/npm-run-path-4.0.1.tgz. Extracting by manifest.
2075 silly tarball no local data for merge-stream@https://registry.npmjs.org/merge-stream/-/merge-stream-2.0.0.tgz. Extracting by manifest.
2076 silly tarball no local data for is-stream@https://registry.npmjs.org/is-stream/-/is-stream-2.0.1.tgz. Extracting by manifest.
2077 silly tarball no local data for human-signals@https://registry.npmjs.org/human-signals/-/human-signals-1.1.1.tgz. Extracting by manifest.
2078 silly tarball no local data for get-stream@https://registry.npmjs.org/get-stream/-/get-stream-5.2.0.tgz. Extracting by manifest.
2079 silly tarball no local data for cross-spawn@https://registry.npmjs.org/cross-spawn/-/cross-spawn-7.0.6.tgz. Extracting by manifest.
2080 silly tarball no local data for @esbuild/darwin-arm64@https://registry.npmjs.org/@esbuild/darwin-arm64/-/darwin-arm64-0.27.0.tgz. Extracting by manifest.
2081 silly tarball no local data for time-span@https://registry.npmjs.org/time-span/-/time-span-4.0.0.tgz. Extracting by manifest.
2082 silly tarball no local data for pretty-ms@https://registry.npmjs.org/pretty-ms/-/pretty-ms-7.0.1.tgz. Extracting by manifest.
2083 silly tarball no local data for picocolors@https://registry.npmjs.org/picocolors/-/picocolors-1.0.0.tgz. Extracting by manifest.
2084 silly tarball no local data for signal-exit@https://registry.npmjs.org/signal-exit/-/signal-exit-4.0.2.tgz. Extracting by manifest.
2085 silly tarball no local data for mri@https://registry.npmjs.org/mri/-/mri-1.2.0.tgz. Extracting by manifest.
2086 silly tarball no local data for @edge-runtime/ponyfill@https://registry.npmjs.org/@edge-runtime/ponyfill/-/ponyfill-2.4.2.tgz. Extracting by manifest.
2087 silly tarball no local data for @edge-runtime/format@https://registry.npmjs.org/@edge-runtime/format/-/format-2.2.1.tgz. Extracting by manifest.
2088 silly tarball no local data for readdirp@https://registry.npmjs.org/readdirp/-/readdirp-4.1.2.tgz. Extracting by manifest.
2089 silly tarball no local data for file-uri-to-path@https://registry.npmjs.org/file-uri-to-path/-/file-uri-to-path-1.0.0.tgz. Extracting by manifest.
2090 silly tarball no local data for uri-js@https://registry.npmjs.org/uri-js/-/uri-js-4.4.1.tgz. Extracting by manifest.
2091 silly tarball no local data for retry@https://registry.npmjs.org/retry/-/retry-0.13.1.tgz. Extracting by manifest.
2092 silly tarball no local data for require-from-string@https://registry.npmjs.org/require-from-string/-/require-from-string-2.0.2.tgz. Extracting by manifest.
2093 silly tarball no local data for json-schema-traverse@https://registry.npmjs.org/json-schema-traverse/-/json-schema-traverse-1.0.0.tgz. Extracting by manifest.
2094 silly tarball no local data for fast-deep-equal@https://registry.npmjs.org/fast-deep-equal/-/fast-deep-equal-3.1.3.tgz. Extracting by manifest.
2095 silly tarball no local data for json-schema-to-ts@https://registry.npmjs.org/json-schema-to-ts/-/json-schema-to-ts-1.6.4.tgz. Extracting by manifest.
2096 silly tarball no local data for ajv@https://registry.npmjs.org/ajv/-/ajv-8.6.3.tgz. Extracting by manifest.
2097 silly tarball no local data for @sinclair/typebox@https://registry.npmjs.org/@sinclair/typebox/-/typebox-0.25.24.tgz. Extracting by manifest.
2098 silly tarball no local data for @vercel/gatsby-plugin-vercel-builder@https://registry.npmjs.org/@vercel/gatsby-plugin-vercel-builder/-/gatsby-plugin-vercel-builder-2.0.132.tgz. Extracting by manifest.
2099 silly tarball no local data for web-vitals@https://registry.npmjs.org/web-vitals/-/web-vitals-0.2.4.tgz. Extracting by manifest.
2100 silly tarball no local data for @vercel/gatsby-plugin-vercel-analytics@https://registry.npmjs.org/@vercel/gatsby-plugin-vercel-analytics/-/gatsby-plugin-vercel-analytics-1.0.11.tgz. Extracting by manifest.
2101 silly tarball no local data for @iarna/toml@https://registry.npmjs.org/@iarna/toml/-/toml-2.2.5.tgz. Extracting by manifest.
2102 silly tarball no local data for smol-toml@https://registry.npmjs.org/smol-toml/-/smol-toml-1.5.2.tgz. Extracting by manifest.
2103 silly tarball no local data for pip-requirements-js@https://registry.npmjs.org/pip-requirements-js/-/pip-requirements-js-1.0.2.tgz. Extracting by manifest.
2104 silly tarball no local data for minimatch@https://registry.npmjs.org/minimatch/-/minimatch-10.1.1.tgz. Extracting by manifest.
2105 silly tarball no local data for js-yaml@https://registry.npmjs.org/js-yaml/-/js-yaml-4.1.1.tgz. Extracting by manifest.
2106 silly tarball no local data for @renovatebot/pep440@https://registry.npmjs.org/@renovatebot/pep440/-/pep440-4.2.1.tgz. Extracting by manifest.
2107 silly tarball no local data for @bytecodealliance/preview2-shim@https://registry.npmjs.org/@bytecodealliance/preview2-shim/-/preview2-shim-0.17.6.tgz. Extracting by manifest.
2108 silly tarball no local data for undici-types@https://registry.npmjs.org/undici-types/-/undici-types-5.26.5.tgz. Extracting by manifest.
2109 silly tarball no local data for path-to-regexp-updated@https://registry.npmjs.org/path-to-regexp/-/path-to-regexp-6.3.0.tgz. Extracting by manifest.
2110 silly tarball no local data for mime-types@https://registry.npmjs.org/mime-types/-/mime-types-2.1.35.tgz. Extracting by manifest.
2111 silly tarball no local data for etag@https://registry.npmjs.org/etag/-/etag-1.8.1.tgz. Extracting by manifest.
2112 silly tarball no local data for edge-runtime@https://registry.npmjs.org/edge-runtime/-/edge-runtime-2.5.9.tgz. Extracting by manifest.
2113 silly tarball no local data for cjs-module-lexer@https://registry.npmjs.org/cjs-module-lexer/-/cjs-module-lexer-1.2.3.tgz. Extracting by manifest.
2114 silly tarball no local data for es-module-lexer@https://registry.npmjs.org/es-module-lexer/-/es-module-lexer-1.4.1.tgz. Extracting by manifest.
2115 silly tarball no local data for @vercel/error-utils@https://registry.npmjs.org/@vercel/error-utils/-/error-utils-2.0.3.tgz. Extracting by manifest.
2116 silly tarball no local data for @types/node@https://registry.npmjs.org/@types/node/-/node-20.11.0.tgz. Extracting by manifest.
2117 silly tarball no local data for @edge-runtime/vm@https://registry.npmjs.org/@edge-runtime/vm/-/vm-3.2.0.tgz. Extracting by manifest.
2118 silly tarball no local data for @edge-runtime/node-utils@https://registry.npmjs.org/@edge-runtime/node-utils/-/node-utils-2.3.0.tgz. Extracting by manifest.
2119 silly tarball no local data for @edge-runtime/primitives@https://registry.npmjs.org/@edge-runtime/primitives/-/primitives-4.1.0.tgz. Extracting by manifest.
2120 silly tarball no local data for @types/estree@https://registry.npmjs.org/@types/estree/-/estree-1.0.8.tgz. Extracting by manifest.
2121 silly tarball no local data for nopt@https://registry.npmjs.org/nopt/-/nopt-8.1.0.tgz. Extracting by manifest.
2122 silly tarball no local data for https-proxy-agent@https://registry.npmjs.org/https-proxy-agent/-/https-proxy-agent-7.0.6.tgz. Extracting by manifest.
2123 silly tarball no local data for detect-libc@https://registry.npmjs.org/detect-libc/-/detect-libc-2.1.2.tgz. Extracting by manifest.
2124 silly tarball no local data for consola@https://registry.npmjs.org/consola/-/consola-3.4.2.tgz. Extracting by manifest.
2125 silly tarball no local data for resolve-from@https://registry.npmjs.org/resolve-from/-/resolve-from-5.0.0.tgz. Extracting by manifest.
2126 silly tarball no local data for picomatch@https://registry.npmjs.org/picomatch/-/picomatch-4.0.3.tgz. Extracting by manifest.
2127 silly tarball no local data for node-gyp-build@https://registry.npmjs.org/node-gyp-build/-/node-gyp-build-4.8.4.tgz. Extracting by manifest.
2128 silly tarball no local data for graceful-fs@https://registry.npmjs.org/graceful-fs/-/graceful-fs-4.2.11.tgz. Extracting by manifest.
2129 silly tarball no local data for glob@https://registry.npmjs.org/glob/-/glob-13.0.1.tgz. Extracting by manifest.
2130 silly tarball no local data for estree-walker@https://registry.npmjs.org/estree-walker/-/estree-walker-2.0.2.tgz. Extracting by manifest.
2131 silly tarball no local data for bindings@https://registry.npmjs.org/bindings/-/bindings-1.5.0.tgz. Extracting by manifest.
2132 silly tarball no local data for async-sema@https://registry.npmjs.org/async-sema/-/async-sema-3.1.1.tgz. Extracting by manifest.
2133 silly tarball no local data for acorn-import-attributes@https://registry.npmjs.org/acorn-import-attributes/-/acorn-import-attributes-1.9.5.tgz. Extracting by manifest.
2134 silly tarball no local data for acorn@https://registry.npmjs.org/acorn/-/acorn-8.15.0.tgz. Extracting by manifest.
2135 silly tarball no local data for @rollup/pluginutils@https://registry.npmjs.org/@rollup/pluginutils/-/pluginutils-5.3.0.tgz. Extracting by manifest.
2136 silly tarball no local data for @mapbox/node-pre-gyp@https://registry.npmjs.org/@mapbox/node-pre-gyp/-/node-pre-gyp-2.0.3.tgz. Extracting by manifest.
2137 silly tarball no local data for yauzl-promise@https://registry.npmjs.org/yauzl-promise/-/yauzl-promise-2.1.3.tgz. Extracting by manifest.
2138 silly tarball no local data for xdg-app-paths@https://registry.npmjs.org/xdg-app-paths/-/xdg-app-paths-5.1.0.tgz. Extracting by manifest.
2139 silly tarball no local data for uid-promise@https://registry.npmjs.org/uid-promise/-/uid-promise-1.0.0.tgz. Extracting by manifest.
2140 silly tarball no local data for tree-kill@https://registry.npmjs.org/tree-kill/-/tree-kill-1.2.2.tgz. Extracting by manifest.
2141 silly tarball no local data for tinyexec@https://registry.npmjs.org/tinyexec/-/tinyexec-0.3.2.tgz. Extracting by manifest.
2142 silly tarball no local data for tar@https://registry.npmjs.org/tar/-/tar-7.5.7.tgz. Extracting by manifest.
2143 silly tarball no local data for stream-to-promise@https://registry.npmjs.org/stream-to-promise/-/stream-to-promise-2.2.0.tgz. Extracting by manifest.
2144 silly tarball no local data for stat-mode@https://registry.npmjs.org/stat-mode/-/stat-mode-0.3.0.tgz. Extracting by manifest.
2145 silly tarball no local data for semver@https://registry.npmjs.org/semver/-/semver-7.5.4.tgz. Extracting by manifest.
2146 silly tarball no local data for promisepipe@https://registry.npmjs.org/promisepipe/-/promisepipe-3.0.0.tgz. Extracting by manifest.
2147 silly tarball no local data for node-fetch@https://registry.npmjs.org/node-fetch/-/node-fetch-2.6.7.tgz. Extracting by manifest.
2148 silly tarball no local data for ms@https://registry.npmjs.org/ms/-/ms-2.1.1.tgz. Extracting by manifest.
2149 silly tarball no local data for micro@https://registry.npmjs.org/micro/-/micro-9.3.5-canary.3.tgz. Extracting by manifest.
2150 silly tarball no local data for generic-pool@https://registry.npmjs.org/generic-pool/-/generic-pool-3.4.2.tgz. Extracting by manifest.
2151 silly tarball no local data for debug@https://registry.npmjs.org/debug/-/debug-4.3.4.tgz. Extracting by manifest.
2152 silly tarball no local data for async-listen@https://registry.npmjs.org/async-listen/-/async-listen-1.2.0.tgz. Extracting by manifest.
2153 silly tarball no local data for @tootallnate/once@https://registry.npmjs.org/@tootallnate/once/-/once-2.0.0.tgz. Extracting by manifest.
2154 silly tarball no local data for ts-morph@https://registry.npmjs.org/ts-morph/-/ts-morph-12.0.0.tgz. Extracting by manifest.
2155 silly tarball no local data for @vercel/cervel@https://registry.npmjs.org/@vercel/cervel/-/cervel-0.0.17.tgz. Extracting by manifest.
2156 silly tarball no local data for @vercel/static-config@https://registry.npmjs.org/@vercel/static-config/-/static-config-3.1.2.tgz. Extracting by manifest.
2157 silly tarball no local data for undici@https://registry.npmjs.org/undici/-/undici-5.29.0.tgz. Extracting by manifest.
2158 silly tarball no local data for @vercel/python-analysis@https://registry.npmjs.org/@vercel/python-analysis/-/python-analysis-0.3.2.tgz. Extracting by manifest.
2159 silly tarball no local data for is-node-process@https://registry.npmjs.org/is-node-process/-/is-node-process-1.2.0.tgz. Extracting by manifest.
2160 silly tarball no local data for is-buffer@https://registry.npmjs.org/is-buffer/-/is-buffer-2.0.5.tgz. Extracting by manifest.
2161 silly tarball no local data for async-retry@https://registry.npmjs.org/async-retry/-/async-retry-1.3.3.tgz. Extracting by manifest.
2162 silly tarball no local data for throttleit@https://registry.npmjs.org/throttleit/-/throttleit-2.1.0.tgz. Extracting by manifest.
2163 silly tarball no local data for tsx@https://registry.npmjs.org/tsx/-/tsx-4.21.0.tgz. Extracting by manifest.
2164 silly tarball no local data for srvx@https://registry.npmjs.org/srvx/-/srvx-0.8.9.tgz. Extracting by manifest.
2165 silly tarball no local data for rolldown@https://registry.npmjs.org/rolldown/-/rolldown-1.0.0-rc.1.tgz. Extracting by manifest.
2166 silly tarball no local data for resolve.exports@https://registry.npmjs.org/resolve.exports/-/resolve.exports-2.0.3.tgz. Extracting by manifest.
2167 silly tarball no local data for path-to-regexp@https://registry.npmjs.org/path-to-regexp/-/path-to-regexp-8.3.0.tgz. Extracting by manifest.
2168 silly tarball no local data for oxc-transform@https://registry.npmjs.org/oxc-transform/-/oxc-transform-0.111.0.tgz. Extracting by manifest.
2169 silly tarball no local data for fs-extra@https://registry.npmjs.org/fs-extra/-/fs-extra-11.1.0.tgz. Extracting by manifest.
2170 silly tarball no local data for @vercel/nft@https://registry.npmjs.org/@vercel/nft/-/nft-1.3.0.tgz. Extracting by manifest.
2171 silly tarball no local data for execa@https://registry.npmjs.org/execa/-/execa-3.2.0.tgz. Extracting by manifest.
2172 silly tarball no local data for jose@https://registry.npmjs.org/jose/-/jose-5.9.6.tgz. Extracting by manifest.
2173 silly tarball no local data for chokidar@https://registry.npmjs.org/chokidar/-/chokidar-4.0.0.tgz. Extracting by manifest.
2174 silly tarball no local data for zod@https://registry.npmjs.org/zod/-/zod-3.22.4.tgz. Extracting by manifest.
2175 silly tarball no local data for @vercel/static-build@https://registry.npmjs.org/@vercel/static-build/-/static-build-2.8.34.tgz. Extracting by manifest.
2176 silly tarball no local data for @vercel/rust@https://registry.npmjs.org/@vercel/rust/-/rust-1.0.5.tgz. Extracting by manifest.
2177 silly tarball no local data for @vercel/ruby@https://registry.npmjs.org/@vercel/ruby/-/ruby-2.2.5.tgz. Extracting by manifest.
2178 silly tarball no local data for @vercel/remix-builder@https://registry.npmjs.org/@vercel/remix-builder/-/remix-builder-5.5.10.tgz. Extracting by manifest.
2179 silly tarball no local data for @vercel/redwood@https://registry.npmjs.org/@vercel/redwood/-/redwood-2.4.9.tgz. Extracting by manifest.
2180 silly tarball no local data for @vercel/python@https://registry.npmjs.org/@vercel/python/-/python-6.8.0.tgz. Extracting by manifest.
2181 silly tarball no local data for form-data@https://registry.npmjs.org/form-data/-/form-data-4.0.5.tgz. Extracting by manifest.
2182 silly tarball no local data for @vercel/node@https://registry.npmjs.org/@vercel/node/-/node-5.5.33.tgz. Extracting by manifest.
2183 silly tarball no local data for @vercel/next@https://registry.npmjs.org/@vercel/next/-/next-4.15.27.tgz. Extracting by manifest.
2184 silly tarball no local data for @vercel/koa@https://registry.npmjs.org/@vercel/koa/-/koa-0.1.15.tgz. Extracting by manifest.
2185 silly tarball no local data for @vercel/hydrogen@https://registry.npmjs.org/@vercel/hydrogen/-/hydrogen-1.3.5.tgz. Extracting by manifest.
2186 silly tarball no local data for @vercel/nestjs@https://registry.npmjs.org/@vercel/nestjs/-/nestjs-0.2.36.tgz. Extracting by manifest.
2187 silly tarball no local data for @vercel/hono@https://registry.npmjs.org/@vercel/hono/-/hono-0.2.35.tgz. Extracting by manifest.
2188 silly tarball no local data for @vercel/h3@https://registry.npmjs.org/@vercel/h3/-/h3-0.1.41.tgz. Extracting by manifest.
2189 silly tarball no local data for @vercel/go@https://registry.npmjs.org/@vercel/go/-/go-3.4.0.tgz. Extracting by manifest.
2190 silly tarball no local data for @vercel/fun@https://registry.npmjs.org/@vercel/fun/-/fun-1.3.0.tgz. Extracting by manifest.
2191 silly tarball no local data for @vercel/fastify@https://registry.npmjs.org/@vercel/fastify/-/fastify-0.1.35.tgz. Extracting by manifest.
2192 silly tarball no local data for @vercel/express@https://registry.npmjs.org/@vercel/express/-/express-0.1.41.tgz. Extracting by manifest.
2193 silly tarball no local data for @vercel/elysia@https://registry.npmjs.org/@vercel/elysia/-/elysia-0.1.32.tgz. Extracting by manifest.
2194 silly tarball no local data for @vercel/detect-agent@https://registry.npmjs.org/@vercel/detect-agent/-/detect-agent-1.1.0.tgz. Extracting by manifest.
2195 silly tarball no local data for esbuild@https://registry.npmjs.org/esbuild/-/esbuild-0.27.0.tgz. Extracting by manifest.
2196 silly tarball no local data for @vercel/build-utils@https://registry.npmjs.org/@vercel/build-utils/-/build-utils-13.3.3.tgz. Extracting by manifest.
2197 silly tarball no local data for typescript@https://registry.npmjs.org/typescript/-/typescript-5.9.3.tgz. Extracting by manifest.
2198 silly tarball no local data for vercel@https://registry.npmjs.org/vercel/-/vercel-50.13.2.tgz. Extracting by manifest.
2199 silly tarball no local data for picomatch@https://registry.npmjs.org/picomatch/-/picomatch-2.3.1.tgz. Extracting by manifest.
2200 silly tarball no local data for minimatch@https://registry.npmjs.org/minimatch/-/minimatch-3.1.2.tgz. Extracting by manifest.
2201 silly tarball no local data for async-listen@https://registry.npmjs.org/async-listen/-/async-listen-3.0.1.tgz. Extracting by manifest.
2202 silly tarball no local data for minimatch@https://registry.npmjs.org/minimatch/-/minimatch-10.1.2.tgz. Extracting by manifest.
2203 silly tarball no local data for once@https://registry.npmjs.org/once/-/once-1.3.3.tgz. Extracting by manifest.
2204 silly tarball no local data for end-of-stream@https://registry.npmjs.org/end-of-stream/-/end-of-stream-1.1.0.tgz. Extracting by manifest.
2205 silly tarball no local data for yallist@https://registry.npmjs.org/yallist/-/yallist-4.0.0.tgz. Extracting by manifest.
2206 silly tarball no local data for @vercel/backends@https://registry.npmjs.org/@vercel/backends/-/backends-0.0.30.tgz. Extracting by manifest.
2207 silly tarball no local data for lru-cache@https://registry.npmjs.org/lru-cache/-/lru-cache-6.0.0.tgz. Extracting by manifest.
2208 silly tarball no local data for ms@https://registry.npmjs.org/ms/-/ms-2.1.2.tgz. Extracting by manifest.
2209 silly tarball no local data for fs-extra@https://registry.npmjs.org/fs-extra/-/fs-extra-11.1.1.tgz. Extracting by manifest.
2210 silly tarball no local data for signal-exit@https://registry.npmjs.org/signal-exit/-/signal-exit-3.0.7.tgz. Extracting by manifest.
2211 silly tarball no local data for @vercel/blob@https://registry.npmjs.org/@vercel/blob/-/blob-1.0.2.tgz. Extracting by manifest.
2212 silly tarball no local data for human-signals@https://registry.npmjs.org/human-signals/-/human-signals-2.1.0.tgz. Extracting by manifest.
2213 silly tarball no local data for get-stream@https://registry.npmjs.org/get-stream/-/get-stream-6.0.1.tgz. Extracting by manifest.
2214 silly tarball no local data for execa@https://registry.npmjs.org/execa/-/execa-5.1.1.tgz. Extracting by manifest.
2215 silly tarball no local data for path-to-regexp@https://registry.npmjs.org/path-to-regexp/-/path-to-regexp-6.1.0.tgz. Extracting by manifest.
2216 silly tarball no local data for @vercel/nft@https://registry.npmjs.org/@vercel/nft/-/nft-1.1.1.tgz. Extracting by manifest.
2217 silly tarball no local data for semver@https://registry.npmjs.org/semver/-/semver-6.3.1.tgz. Extracting by manifest.
2218 silly tarball no local data for @vercel/nft@https://registry.npmjs.org/@vercel/nft/-/nft-1.1.1.tgz. Extracting by manifest.
2219 silly tarball no local data for undici@https://registry.npmjs.org/undici/-/undici-5.28.4.tgz. Extracting by manifest.
2220 silly tarball no local data for path-to-regexp@https://registry.npmjs.org/path-to-regexp/-/path-to-regexp-6.1.0.tgz. Extracting by manifest.
2221 silly tarball no local data for node-fetch@https://registry.npmjs.org/node-fetch/-/node-fetch-2.6.9.tgz. Extracting by manifest.
2222 silly tarball no local data for signal-exit@https://registry.npmjs.org/signal-exit/-/signal-exit-3.0.7.tgz. Extracting by manifest.
2223 silly tarball no local data for @vercel/nft@https://registry.npmjs.org/@vercel/nft/-/nft-1.1.1.tgz. Extracting by manifest.
2224 silly tarball no local data for @vercel/nft@https://registry.npmjs.org/@vercel/nft/-/nft-1.1.1.tgz. Extracting by manifest.
2225 silly tarball no local data for @vercel/nft@https://registry.npmjs.org/@vercel/nft/-/nft-1.1.1.tgz. Extracting by manifest.
2226 silly tarball no local data for path-to-regexp@https://registry.npmjs.org/path-to-regexp/-/path-to-regexp-8.2.0.tgz. Extracting by manifest.
2227 silly tarball no local data for @vercel/nft@https://registry.npmjs.org/@vercel/nft/-/nft-1.1.1.tgz. Extracting by manifest.
2228 silly tarball no local data for async-listen@https://registry.npmjs.org/async-listen/-/async-listen-3.0.0.tgz. Extracting by manifest.
2229 http fetch GET 200 https://registry.npmjs.org/events-intercept/-/events-intercept-2.0.0.tgz 156ms (cache miss)
2230 http fetch GET 200 https://registry.npmjs.org/buffer-crc32/-/buffer-crc32-0.2.13.tgz 158ms (cache miss)
2231 http fetch GET 200 https://registry.npmjs.org/concat-map/-/concat-map-0.0.1.tgz 168ms (cache miss)
2232 http fetch GET 200 https://registry.npmjs.org/yauzl/-/yauzl-2.10.0.tgz 186ms (cache miss)
2233 http fetch GET 200 https://registry.npmjs.org/brace-expansion/-/brace-expansion-1.1.12.tgz 198ms (cache miss)
2234 http fetch GET 200 https://registry.npmjs.org/fd-slicer/-/fd-slicer-1.1.0.tgz 199ms (cache miss)
2235 http fetch POST 200 https://registry.npmjs.org/-/npm/v1/security/advisories/bulk 248ms
2236 silly audit report {
2236 silly audit report   'path-to-regexp': [
2236 silly audit report     {
2236 silly audit report       id: 1101846,
2236 silly audit report       url: 'https://github.com/advisories/GHSA-9wv6-86v2-598j',
2236 silly audit report       title: 'path-to-regexp outputs backtracking regular expressions',
2236 silly audit report       severity: 'high',
2236 silly audit report       vulnerable_versions: '>=4.0.0 <6.3.0',
2236 silly audit report       cwe: [Array],
2236 silly audit report       cvss: [Object]
2236 silly audit report     }
2236 silly audit report   ],
2236 silly audit report   undici: [
2236 silly audit report     {
2236 silly audit report       id: 1101610,
2236 silly audit report       url: 'https://github.com/advisories/GHSA-c76h-2ccp-4975',
2236 silly audit report       title: 'Use of Insufficiently Random Values in undici',
2236 silly audit report       severity: 'moderate',
2236 silly audit report       vulnerable_versions: '>=4.5.0 <5.28.5',
2236 silly audit report       cwe: [Array],
2236 silly audit report       cvss: [Object]
2236 silly audit report     },
2236 silly audit report     {
2236 silly audit report       id: 1112496,
2236 silly audit report       url: 'https://github.com/advisories/GHSA-g9mf-h72j-4rw9',
2236 silly audit report       title: 'Undici has an unbounded decompression chain in HTTP responses on Node.js Fetch API via Content-Encoding leads to resource exhaustion',
2236 silly audit report       severity: 'moderate',
2236 silly audit report       vulnerable_versions: '<6.23.0',
2236 silly audit report       cwe: [Array],
2236 silly audit report       cvss: [Object]
2236 silly audit report     },
2236 silly audit report     {
2236 silly audit report       id: 1113069,
2236 silly audit report       url: 'https://github.com/advisories/GHSA-cxrh-j4jr-qwg3',
2236 silly audit report       title: 'undici Denial of Service attack via bad certificate data',
2236 silly audit report       severity: 'low',
2236 silly audit report       vulnerable_versions: '<5.29.0',
2236 silly audit report       cwe: [Array],
2236 silly audit report       cvss: [Object]
2236 silly audit report     }
2236 silly audit report   ]
2236 silly audit report }
2237 silly packumentCache corgi:https://registry.npmjs.org/path-to-regexp cache-miss
2238 silly packumentCache corgi:https://registry.npmjs.org/undici cache-miss
2239 http fetch GET 200 https://registry.npmjs.org/balanced-match/-/balanced-match-1.0.2.tgz 235ms (cache miss)
2240 http fetch GET 200 https://registry.npmjs.org/resolve-pkg-maps/-/resolve-pkg-maps-1.0.0.tgz 242ms (cache miss)
2241 http fetch GET 200 https://registry.npmjs.org/punycode/-/punycode-2.3.1.tgz 276ms (cache miss)
2242 http fetch GET 200 https://registry.npmjs.org/is-number/-/is-number-7.0.0.tgz 279ms (cache miss)
2243 http fetch GET 200 https://registry.npmjs.org/queue-microtask/-/queue-microtask-1.2.3.tgz 315ms (cache miss)
2244 http fetch GET 200 https://registry.npmjs.org/fill-range/-/fill-range-7.1.1.tgz 317ms (cache miss)
2245 http fetch GET 200 https://registry.npmjs.org/yauzl-clone/-/yauzl-clone-1.0.4.tgz 327ms (cache miss)
2246 http fetch GET 200 https://registry.npmjs.org/pend/-/pend-1.2.0.tgz 328ms (cache miss)
2247 http fetch GET 200 https://registry.npmjs.org/to-regex-range/-/to-regex-range-5.0.1.tgz 336ms (cache miss)
2248 http fetch GET 200 https://registry.npmjs.org/webidl-conversions/-/webidl-conversions-3.0.1.tgz 339ms (cache miss)
2249 http fetch GET 200 https://registry.npmjs.org/isexe/-/isexe-2.0.0.tgz 340ms (cache miss)
2250 http fetch GET 200 https://registry.npmjs.org/fsevents/-/fsevents-2.3.3.tgz 341ms (cache miss)
2251 http fetch GET 200 https://registry.npmjs.org/is-extglob/-/is-extglob-2.1.1.tgz 361ms (cache miss)
2252 http fetch GET 200 https://registry.npmjs.org/braces/-/braces-3.0.3.tgz 378ms (cache miss)
2253 http fetch GET 200 https://registry.npmjs.org/os-paths/-/os-paths-4.4.0.tgz 382ms (cache miss)
2254 http fetch GET 200 https://registry.npmjs.org/is-glob/-/is-glob-4.0.3.tgz 395ms (cache miss)
2255 http fetch GET 200 https://registry.npmjs.org/xdg-portable/-/xdg-portable-7.3.0.tgz 398ms (cache miss)
2256 http fetch GET 200 https://registry.npmjs.org/reusify/-/reusify-1.1.0.tgz 398ms (cache miss)
2257 http fetch GET 200 https://registry.npmjs.org/run-parallel/-/run-parallel-1.2.0.tgz 406ms (cache miss)
2258 http fetch GET 200 https://registry.npmjs.org/@fastify/busboy/-/busboy-2.1.1.tgz 416ms (cache miss)
2259 http fetch GET 200 https://registry.npmjs.org/merge2/-/merge2-1.4.1.tgz 434ms (cache miss)
2260 http fetch GET 200 https://registry.npmjs.org/glob-parent/-/glob-parent-5.1.2.tgz 435ms (cache miss)
2261 http fetch GET 200 https://registry.npmjs.org/@nodelib/fs.walk/-/fs.walk-1.2.8.tgz 457ms (cache miss)
2262 http fetch GET 200 https://registry.npmjs.org/fastq/-/fastq-1.20.1.tgz 464ms (cache miss)
2263 http fetch GET 200 https://registry.npmjs.org/tr46/-/tr46-0.0.3.tgz 466ms (cache miss)
2264 http fetch GET 200 https://registry.npmjs.org/@nodelib/fs.stat/-/fs.stat-2.0.5.tgz 483ms (cache miss)
2265 http fetch GET 200 https://registry.npmjs.org/path-browserify/-/path-browserify-1.0.1.tgz 486ms (cache miss)
2266 http fetch GET 200 https://registry.npmjs.org/convert-hrtime/-/convert-hrtime-3.0.0.tgz 493ms (cache miss)
2267 http fetch GET 200 https://registry.npmjs.org/code-block-writer/-/code-block-writer-10.1.1.tgz 494ms (cache miss)
2268 http fetch GET 200 https://registry.npmjs.org/@nodelib/fs.scandir/-/fs.scandir-2.1.5.tgz 508ms (cache miss)
2269 http fetch GET 200 https://registry.npmjs.org/micromatch/-/micromatch-4.0.8.tgz 513ms (cache miss)
2270 http fetch GET 200 https://registry.npmjs.org/mkdirp/-/mkdirp-1.0.4.tgz 529ms (cache miss)
2271 http fetch GET 200 https://registry.npmjs.org/fast-glob/-/fast-glob-3.3.3.tgz 531ms (cache miss)
2272 http fetch GET 200 https://registry.npmjs.org/chownr/-/chownr-3.0.0.tgz 531ms (cache miss)
2273 http fetch GET 200 https://registry.npmjs.org/stream-to-array/-/stream-to-array-2.3.0.tgz 539ms (cache miss)
2274 http fetch GET 200 https://registry.npmjs.org/yallist/-/yallist-5.0.0.tgz 559ms (cache miss)
2275 http fetch GET 200 https://registry.npmjs.org/any-promise/-/any-promise-1.3.0.tgz 562ms (cache miss)
2276 http fetch GET 200 https://registry.npmjs.org/shebang-regex/-/shebang-regex-3.0.0.tgz 564ms (cache miss)
2277 http fetch GET 200 https://registry.npmjs.org/@isaacs/fs-minipass/-/fs-minipass-4.0.1.tgz 565ms (cache miss)
2278 http fetch GET 200 https://registry.npmjs.org/cookie-es/-/cookie-es-2.0.0.tgz 574ms (cache miss)
2279 http fetch GET 200 https://registry.npmjs.org/minizlib/-/minizlib-3.1.0.tgz 582ms (cache miss)
2280 http fetch GET 200 https://registry.npmjs.org/@rolldown/pluginutils/-/pluginutils-1.0.0-rc.1.tgz 598ms (cache miss)
2281 http fetch GET 200 https://registry.npmjs.org/toidentifier/-/toidentifier-1.0.0.tgz 606ms (cache miss)
2282 http fetch GET 200 https://registry.npmjs.org/statuses/-/statuses-1.5.0.tgz 612ms (cache miss)
2283 http fetch GET 200 https://registry.npmjs.org/setprototypeof/-/setprototypeof-1.1.1.tgz 614ms (cache miss)
2284 http fetch GET 200 https://registry.npmjs.org/inherits/-/inherits-2.0.4.tgz 633ms (cache miss)
2285 http fetch GET 200 https://registry.npmjs.org/unpipe/-/unpipe-1.0.0.tgz 643ms (cache miss)
2286 http fetch GET 200 https://registry.npmjs.org/wrappy/-/wrappy-1.0.2.tgz 649ms (cache miss)
2287 http fetch GET 200 https://registry.npmjs.org/safer-buffer/-/safer-buffer-2.1.2.tgz 654ms (cache miss)
2288 http fetch GET 200 https://registry.npmjs.org/depd/-/depd-1.1.2.tgz 653ms (cache miss)
2289 http fetch GET 200 https://registry.npmjs.org/@oxc-project/types/-/types-0.110.0.tgz 658ms (cache miss)
2290 http fetch GET 200 https://registry.npmjs.org/http-errors/-/http-errors-1.7.3.tgz 656ms (cache miss)
2291 http fetch GET 200 https://registry.npmjs.org/once/-/once-1.4.0.tgz 682ms (cache miss)
2292 http fetch GET 200 https://registry.npmjs.org/bytes/-/bytes-3.1.0.tgz 684ms (cache miss)
2293 http fetch GET 200 https://registry.npmjs.org/parse-ms/-/parse-ms-2.1.0.tgz 709ms (cache miss)
2294 http fetch GET 200 https://registry.npmjs.org/end-of-stream/-/end-of-stream-1.4.5.tgz 752ms (cache miss)
2295 http fetch GET 200 https://registry.npmjs.org/mimic-fn/-/mimic-fn-2.1.0.tgz 792ms (cache miss)
2296 http fetch GET 200 https://registry.npmjs.org/tslib/-/tslib-2.8.1.tgz 808ms (cache miss)
2297 http fetch GET 200 https://registry.npmjs.org/lru-cache/-/lru-cache-11.2.5.tgz 853ms (cache miss)
2298 http fetch GET 200 https://registry.npmjs.org/whatwg-url/-/whatwg-url-5.0.0.tgz 853ms (cache miss)
2299 http fetch GET 200 https://registry.npmjs.org/iconv-lite/-/iconv-lite-0.4.24.tgz 869ms (cache miss)
2300 http fetch GET 200 https://registry.npmjs.org/@emnapi/wasi-threads/-/wasi-threads-1.1.0.tgz 949ms (cache miss)
2301 http fetch GET 200 https://registry.npmjs.org/@isaacs/balanced-match/-/balanced-match-4.0.1.tgz 978ms (cache miss)
2302 http fetch GET 200 https://registry.npmjs.org/@tybys/wasm-util/-/wasm-util-0.10.1.tgz 989ms (cache miss)
2303 http fetch GET 200 https://registry.npmjs.org/@ts-morph/common/-/common-0.11.1.tgz 1020ms (cache miss)
2304 http fetch GET 200 https://registry.npmjs.org/@isaacs/brace-expansion/-/brace-expansion-5.0.1.tgz 1017ms (cache miss)
2305 http fetch GET 200 https://registry.npmjs.org/raw-body/-/raw-body-2.4.1.tgz 1017ms (cache miss)
2306 http fetch GET 200 https://registry.npmjs.org/mime-db/-/mime-db-1.52.0.tgz 1017ms (cache miss)
2307 http fetch GET 200 https://registry.npmjs.org/content-type/-/content-type-1.0.4.tgz 1017ms (cache miss)
2308 http fetch GET 200 https://registry.npmjs.org/abbrev/-/abbrev-3.0.1.tgz 1063ms (cache miss)
2309 http fetch GET 200 https://registry.npmjs.org/arg/-/arg-4.1.0.tgz 1073ms (cache miss)
2310 http fetch GET 200 https://registry.npmjs.org/argparse/-/argparse-2.0.1.tgz 1095ms (cache miss)
2311 http fetch GET 200 https://registry.npmjs.org/@types/json-schema/-/json-schema-7.0.15.tgz 1106ms (cache miss)
2312 http fetch GET 200 https://registry.npmjs.org/ohm-js/-/ohm-js-17.3.0.tgz 1117ms (cache miss)
2313 http fetch GET 200 https://registry.npmjs.org/agent-base/-/agent-base-7.1.4.tgz 1152ms (cache miss)
2314 http fetch GET 200 https://registry.npmjs.org/ts-toolbelt/-/ts-toolbelt-6.15.5.tgz 1156ms (cache miss)
2315 http fetch GET 200 https://registry.npmjs.org/pump/-/pump-3.0.3.tgz 1178ms (cache miss)
2316 http fetch GET 200 https://registry.npmjs.org/dunder-proto/-/dunder-proto-1.0.1.tgz 1183ms (cache miss)
2317 http fetch GET 200 https://registry.npmjs.org/minipass/-/minipass-7.1.2.tgz 1184ms (cache miss)
2318 http fetch GET 200 https://registry.npmjs.org/gopd/-/gopd-1.2.0.tgz 1195ms (cache miss)
2319 http fetch GET 200 https://registry.npmjs.org/path-scurry/-/path-scurry-2.0.1.tgz 1197ms (cache miss)
2320 http fetch GET 200 https://registry.npmjs.org/math-intrinsics/-/math-intrinsics-1.1.0.tgz 1197ms (cache miss)
2321 http fetch GET 200 https://registry.npmjs.org/@emnapi/runtime/-/runtime-1.8.1.tgz 1212ms (cache miss)
2322 http fetch GET 200 https://registry.npmjs.org/has-symbols/-/has-symbols-1.1.0.tgz 1218ms (cache miss)
2323 http fetch GET 200 https://registry.npmjs.org/@napi-rs/wasm-runtime/-/wasm-runtime-1.1.1.tgz 1274ms (cache miss)
2324 http fetch GET 200 https://registry.npmjs.org/es-object-atoms/-/es-object-atoms-1.1.1.tgz 1274ms (cache miss)
2325 http fetch GET 200 https://registry.npmjs.org/universalify/-/universalify-2.0.1.tgz 1329ms (cache miss)
2326 http fetch GET 200 https://registry.npmjs.org/has-tostringtag/-/has-tostringtag-1.0.2.tgz 1336ms (cache miss)
2327 http fetch GET 200 https://registry.npmjs.org/es-define-property/-/es-define-property-1.0.1.tgz 1339ms (cache miss)
2328 http fetch GET 200 https://registry.npmjs.org/get-proto/-/get-proto-1.0.1.tgz 1340ms (cache miss)
2329 http fetch GET 200 https://registry.npmjs.org/function-bind/-/function-bind-1.1.2.tgz 1341ms (cache miss)
2330 http fetch GET 200 https://registry.npmjs.org/call-bind-apply-helpers/-/call-bind-apply-helpers-1.0.2.tgz 1343ms (cache miss)
2331 http fetch GET 200 https://registry.npmjs.org/jsonfile/-/jsonfile-6.2.0.tgz 1343ms (cache miss)
2332 http fetch GET 200 https://registry.npmjs.org/es-errors/-/es-errors-1.3.0.tgz 1360ms (cache miss)
2333 http fetch GET 200 https://registry.npmjs.org/delayed-stream/-/delayed-stream-1.0.0.tgz 1427ms (cache miss)
2334 http fetch GET 200 https://registry.npmjs.org/es-set-tostringtag/-/es-set-tostringtag-2.1.0.tgz 1427ms (cache miss)
2335 http fetch GET 200 https://registry.npmjs.org/@emnapi/core/-/core-1.8.1.tgz 1443ms (cache miss)
2336 http fetch GET 200 https://registry.npmjs.org/get-intrinsic/-/get-intrinsic-1.3.0.tgz 1462ms (cache miss)
2337 http fetch GET 200 https://registry.npmjs.org/combined-stream/-/combined-stream-1.0.8.tgz 1493ms (cache miss)
2338 http fetch GET 200 https://registry.npmjs.org/shebang-command/-/shebang-command-2.0.0.tgz 1505ms (cache miss)
2339 http fetch GET 200 https://registry.npmjs.org/hasown/-/hasown-2.0.2.tgz 1507ms (cache miss)
2340 http fetch GET 200 https://registry.npmjs.org/path-key/-/path-key-3.1.1.tgz 1514ms (cache miss)
2341 http fetch GET 200 https://registry.npmjs.org/strip-final-newline/-/strip-final-newline-2.0.0.tgz 1514ms (cache miss)
2342 http fetch GET 200 https://registry.npmjs.org/which/-/which-2.0.2.tgz 1518ms (cache miss)
2343 http fetch GET 200 https://registry.npmjs.org/asynckit/-/asynckit-0.4.0.tgz 1529ms (cache miss)
2344 http fetch GET 200 https://registry.npmjs.org/p-finally/-/p-finally-2.0.1.tgz 1542ms (cache miss)
2345 http fetch GET 200 https://registry.npmjs.org/get-tsconfig/-/get-tsconfig-4.13.6.tgz 1617ms (cache miss)
2346 http fetch GET 200 https://registry.npmjs.org/merge-stream/-/merge-stream-2.0.0.tgz 1616ms (cache miss)
2347 http fetch GET 200 https://registry.npmjs.org/onetime/-/onetime-5.1.2.tgz 1617ms (cache miss)
2348 http fetch GET 200 https://registry.npmjs.org/is-stream/-/is-stream-2.0.1.tgz 1658ms (cache miss)
2349 http fetch GET 200 https://registry.npmjs.org/human-signals/-/human-signals-1.1.1.tgz 1679ms (cache miss)
2350 http fetch GET 200 https://registry.npmjs.org/get-stream/-/get-stream-5.2.0.tgz 1700ms (cache miss)
2351 http fetch GET 200 https://registry.npmjs.org/time-span/-/time-span-4.0.0.tgz 1705ms (cache miss)
2352 http fetch GET 200 https://registry.npmjs.org/cross-spawn/-/cross-spawn-7.0.6.tgz 1710ms (cache miss)
2353 http fetch GET 200 https://registry.npmjs.org/pretty-ms/-/pretty-ms-7.0.1.tgz 1716ms (cache miss)
2354 http fetch GET 200 https://registry.npmjs.org/picocolors/-/picocolors-1.0.0.tgz 1723ms (cache miss)
2355 http fetch GET 200 https://registry.npmjs.org/npm-run-path/-/npm-run-path-4.0.1.tgz 1809ms (cache miss)
2356 http fetch GET 200 https://registry.npmjs.org/@edge-runtime/format/-/format-2.2.1.tgz 1829ms (cache miss)
2357 http fetch GET 200 https://registry.npmjs.org/@edge-runtime/ponyfill/-/ponyfill-2.4.2.tgz 1830ms (cache miss)
2358 http fetch GET 200 https://registry.npmjs.org/file-uri-to-path/-/file-uri-to-path-1.0.0.tgz 1961ms (cache miss)
2359 http fetch GET 200 https://registry.npmjs.org/mri/-/mri-1.2.0.tgz 1962ms (cache miss)
2360 http fetch GET 200 https://registry.npmjs.org/readdirp/-/readdirp-4.1.2.tgz 1965ms (cache miss)
2361 http fetch GET 200 https://registry.npmjs.org/require-from-string/-/require-from-string-2.0.2.tgz 1964ms (cache miss)
2362 http fetch GET 200 https://registry.npmjs.org/retry/-/retry-0.13.1.tgz 1965ms (cache miss)
2363 http fetch GET 200 https://registry.npmjs.org/json-schema-traverse/-/json-schema-traverse-1.0.0.tgz 1966ms (cache miss)
2364 http fetch GET 200 https://registry.npmjs.org/fast-deep-equal/-/fast-deep-equal-3.1.3.tgz 1998ms (cache miss)
2365 http fetch GET 200 https://registry.npmjs.org/signal-exit/-/signal-exit-4.0.2.tgz 2026ms (cache miss)
2366 http fetch GET 200 https://registry.npmjs.org/json-schema-to-ts/-/json-schema-to-ts-1.6.4.tgz 2038ms (cache miss)
2367 http fetch GET 200 https://registry.npmjs.org/@rolldown/binding-darwin-arm64/-/binding-darwin-arm64-1.0.0-rc.1.tgz 2065ms (cache miss)
2368 http fetch GET 200 https://registry.npmjs.org/@vercel/gatsby-plugin-vercel-builder/-/gatsby-plugin-vercel-builder-2.0.132.tgz 2071ms (cache miss)
2369 http fetch GET 200 https://registry.npmjs.org/uri-js/-/uri-js-4.4.1.tgz 2100ms (cache miss)
2370 http fetch GET 200 https://registry.npmjs.org/@renovatebot/pep440/-/pep440-4.2.1.tgz 2125ms (cache miss)
2371 http fetch GET 200 https://registry.npmjs.org/@sinclair/typebox/-/typebox-0.25.24.tgz 2132ms (cache miss)
2372 http fetch GET 200 https://registry.npmjs.org/js-yaml/-/js-yaml-4.1.1.tgz 2133ms (cache miss)
2373 http fetch GET 200 https://registry.npmjs.org/@vercel/gatsby-plugin-vercel-analytics/-/gatsby-plugin-vercel-analytics-1.0.11.tgz 2161ms (cache miss)
2374 http fetch GET 200 https://registry.npmjs.org/@oxc-transform/binding-darwin-arm64/-/binding-darwin-arm64-0.111.0.tgz 2181ms (cache miss)
2375 http fetch GET 200 https://registry.npmjs.org/path-to-regexp/-/path-to-regexp-6.3.0.tgz 2162ms (cache miss)
2376 http fetch GET 200 https://registry.npmjs.org/ajv/-/ajv-8.6.3.tgz 2167ms (cache miss)
2377 http fetch GET 200 https://registry.npmjs.org/pip-requirements-js/-/pip-requirements-js-1.0.2.tgz 2167ms (cache miss)
2378 http fetch GET 200 https://registry.npmjs.org/@bytecodealliance/preview2-shim/-/preview2-shim-0.17.6.tgz 2174ms (cache miss)
2379 http fetch GET 200 https://registry.npmjs.org/@iarna/toml/-/toml-2.2.5.tgz 2178ms (cache miss)
2380 http fetch GET 200 https://registry.npmjs.org/mime-types/-/mime-types-2.1.35.tgz 2183ms (cache miss)
2381 http fetch GET 200 https://registry.npmjs.org/smol-toml/-/smol-toml-1.5.2.tgz 2185ms (cache miss)
2382 http fetch GET 200 https://registry.npmjs.org/etag/-/etag-1.8.1.tgz 2202ms (cache miss)
2383 http fetch GET 200 https://registry.npmjs.org/undici-types/-/undici-types-5.26.5.tgz 2207ms (cache miss)
2384 http fetch GET 200 https://registry.npmjs.org/cjs-module-lexer/-/cjs-module-lexer-1.2.3.tgz 2213ms (cache miss)
2385 http fetch GET 200 https://registry.npmjs.org/es-module-lexer/-/es-module-lexer-1.4.1.tgz 2232ms (cache miss)
2386 http fetch GET 200 https://registry.npmjs.org/@edge-runtime/vm/-/vm-3.2.0.tgz 2251ms (cache miss)
2387 http fetch GET 200 https://registry.npmjs.org/nopt/-/nopt-8.1.0.tgz 2334ms (cache miss)
2388 http fetch GET 200 https://registry.npmjs.org/https-proxy-agent/-/https-proxy-agent-7.0.6.tgz 2335ms (cache miss)
2389 http fetch GET 200 https://registry.npmjs.org/edge-runtime/-/edge-runtime-2.5.9.tgz 2342ms (cache miss)
2390 http fetch GET 200 https://registry.npmjs.org/detect-libc/-/detect-libc-2.1.2.tgz 2346ms (cache miss)
2391 http fetch GET 200 https://registry.npmjs.org/@types/node/-/node-20.11.0.tgz 2347ms (cache miss)
2392 http fetch GET 200 https://registry.npmjs.org/resolve-from/-/resolve-from-5.0.0.tgz 2361ms (cache miss)
2393 http fetch GET 200 https://registry.npmjs.org/@types/estree/-/estree-1.0.8.tgz 2366ms (cache miss)
2394 http fetch GET 200 https://registry.npmjs.org/@edge-runtime/primitives/-/primitives-4.1.0.tgz 2369ms (cache miss)
2395 http fetch GET 200 https://registry.npmjs.org/consola/-/consola-3.4.2.tgz 2413ms (cache miss)
2396 http fetch GET 200 https://registry.npmjs.org/web-vitals/-/web-vitals-0.2.4.tgz 2432ms (cache miss)
2397 http fetch GET 200 https://registry.npmjs.org/graceful-fs/-/graceful-fs-4.2.11.tgz 2428ms (cache miss)
2398 http fetch GET 200 https://registry.npmjs.org/estree-walker/-/estree-walker-2.0.2.tgz 2427ms (cache miss)
2399 http fetch GET 200 https://registry.npmjs.org/glob/-/glob-13.0.1.tgz 2433ms (cache miss)
2400 http fetch GET 200 https://registry.npmjs.org/picomatch/-/picomatch-4.0.3.tgz 2441ms (cache miss)
2401 http fetch GET 200 https://registry.npmjs.org/bindings/-/bindings-1.5.0.tgz 2440ms (cache miss)
2402 http fetch GET 200 https://registry.npmjs.org/acorn-import-attributes/-/acorn-import-attributes-1.9.5.tgz 2449ms (cache miss)
2403 http fetch GET 200 https://registry.npmjs.org/async-sema/-/async-sema-3.1.1.tgz 2454ms (cache miss)
2404 http fetch GET 200 https://registry.npmjs.org/@vercel/error-utils/-/error-utils-2.0.3.tgz 2469ms (cache miss)
2405 http fetch GET 200 https://registry.npmjs.org/node-gyp-build/-/node-gyp-build-4.8.4.tgz 2471ms (cache miss)
2406 http fetch GET 200 https://registry.npmjs.org/minimatch/-/minimatch-10.1.1.tgz 2492ms (cache miss)
2407 http fetch GET 200 https://registry.npmjs.org/uid-promise/-/uid-promise-1.0.0.tgz 2509ms (cache miss)
2408 http fetch GET 200 https://registry.npmjs.org/xdg-app-paths/-/xdg-app-paths-5.1.0.tgz 2524ms (cache miss)
2409 http fetch GET 200 https://registry.npmjs.org/tree-kill/-/tree-kill-1.2.2.tgz 2524ms (cache miss)
2410 http fetch GET 200 https://registry.npmjs.org/tinyexec/-/tinyexec-0.3.2.tgz 2525ms (cache miss)
2411 http fetch GET 200 https://registry.npmjs.org/yauzl-promise/-/yauzl-promise-2.1.3.tgz 2526ms (cache miss)
2412 http fetch GET 200 https://registry.npmjs.org/@rollup/pluginutils/-/pluginutils-5.3.0.tgz 2527ms (cache miss)
2413 http fetch GET 200 https://registry.npmjs.org/stream-to-promise/-/stream-to-promise-2.2.0.tgz 2533ms (cache miss)
2414 http fetch GET 200 https://registry.npmjs.org/stat-mode/-/stat-mode-0.3.0.tgz 2571ms (cache miss)
2415 http fetch GET 200 https://registry.npmjs.org/tar/-/tar-7.5.7.tgz 2578ms (cache miss)
2416 http fetch GET 200 https://registry.npmjs.org/promisepipe/-/promisepipe-3.0.0.tgz 2583ms (cache miss)
2417 http fetch GET 200 https://registry.npmjs.org/@edge-runtime/node-utils/-/node-utils-2.3.0.tgz 2595ms (cache miss)
2418 http fetch GET 200 https://registry.npmjs.org/node-fetch/-/node-fetch-2.6.7.tgz 2591ms (cache miss)
2419 http fetch GET 200 https://registry.npmjs.org/debug/-/debug-4.3.4.tgz 2602ms (cache miss)
2420 http fetch GET 200 https://registry.npmjs.org/ms/-/ms-2.1.1.tgz 2605ms (cache miss)
2421 http fetch GET 200 https://registry.npmjs.org/micro/-/micro-9.3.5-canary.3.tgz 2607ms (cache miss)
2422 http fetch GET 200 https://registry.npmjs.org/async-listen/-/async-listen-1.2.0.tgz 2606ms (cache miss)
2423 http fetch GET 200 https://registry.npmjs.org/semver/-/semver-7.5.4.tgz 2624ms (cache miss)
2424 http fetch GET 200 https://registry.npmjs.org/@tootallnate/once/-/once-2.0.0.tgz 2634ms (cache miss)
2425 http fetch GET 200 https://registry.npmjs.org/generic-pool/-/generic-pool-3.4.2.tgz 2656ms (cache miss)
2426 http fetch GET 200 https://registry.npmjs.org/@vercel/cervel/-/cervel-0.0.17.tgz 2664ms (cache miss)
2427 http fetch GET 200 https://registry.npmjs.org/is-buffer/-/is-buffer-2.0.5.tgz 2675ms (cache miss)
2428 http fetch GET 200 https://registry.npmjs.org/is-node-process/-/is-node-process-1.2.0.tgz 2683ms (cache miss)
2429 http fetch GET 200 https://registry.npmjs.org/throttleit/-/throttleit-2.1.0.tgz 2686ms (cache miss)
2430 http fetch GET 200 https://registry.npmjs.org/async-retry/-/async-retry-1.3.3.tgz 2686ms (cache miss)
2431 http fetch GET 200 https://registry.npmjs.org/@esbuild/darwin-arm64/-/darwin-arm64-0.27.0.tgz 2705ms (cache miss)
2432 http fetch GET 200 https://registry.npmjs.org/srvx/-/srvx-0.8.9.tgz 2735ms (cache miss)
2433 http fetch GET 200 https://registry.npmjs.org/undici/-/undici-5.29.0.tgz 2761ms (cache miss)
2434 http fetch GET 200 https://registry.npmjs.org/resolve.exports/-/resolve.exports-2.0.3.tgz 2761ms (cache miss)
2435 http fetch GET 200 https://registry.npmjs.org/@vercel/static-config/-/static-config-3.1.2.tgz 2766ms (cache miss)
2436 http fetch GET 200 https://registry.npmjs.org/path-to-regexp/-/path-to-regexp-8.3.0.tgz 2786ms (cache miss)
2437 http fetch GET 200 https://registry.npmjs.org/rolldown/-/rolldown-1.0.0-rc.1.tgz 2787ms (cache miss)
2438 http fetch GET 200 https://registry.npmjs.org/oxc-transform/-/oxc-transform-0.111.0.tgz 2793ms (cache miss)
2439 http fetch GET 200 https://registry.npmjs.org/fs-extra/-/fs-extra-11.1.0.tgz 2803ms (cache miss)
2440 http fetch GET 200 https://registry.npmjs.org/@vercel/python-analysis/-/python-analysis-0.3.2.tgz 2811ms (cache miss)
2441 http fetch GET 200 https://registry.npmjs.org/execa/-/execa-3.2.0.tgz 2809ms (cache miss)
2442 http fetch GET 200 https://registry.npmjs.org/chokidar/-/chokidar-4.0.0.tgz 2869ms (cache miss)
2443 http fetch GET 200 https://registry.npmjs.org/zod/-/zod-3.22.4.tgz 2874ms (cache miss)
2444 http fetch GET 200 https://registry.npmjs.org/@vercel/rust/-/rust-1.0.5.tgz 2894ms (cache miss)
2445 http fetch GET 200 https://registry.npmjs.org/@vercel/redwood/-/redwood-2.4.9.tgz 2895ms (cache miss)
2446 http fetch GET 200 https://registry.npmjs.org/jose/-/jose-5.9.6.tgz 2896ms (cache miss)
2447 http fetch GET 200 https://registry.npmjs.org/@vercel/python/-/python-6.8.0.tgz 2903ms (cache miss)
2448 http fetch GET 200 https://registry.npmjs.org/@vercel/remix-builder/-/remix-builder-5.5.10.tgz 2904ms (cache miss)
2449 http fetch GET 200 https://registry.npmjs.org/@vercel/ruby/-/ruby-2.2.5.tgz 2931ms (cache miss)
2450 http fetch GET 200 https://registry.npmjs.org/form-data/-/form-data-4.0.5.tgz 2930ms (cache miss)
2451 http fetch GET 200 https://registry.npmjs.org/@vercel/koa/-/koa-0.1.15.tgz 2972ms (cache miss)
2452 http fetch GET 200 https://registry.npmjs.org/@vercel/nestjs/-/nestjs-0.2.36.tgz 3001ms (cache miss)
2453 http fetch GET 200 https://registry.npmjs.org/@vercel/hono/-/hono-0.2.35.tgz 3012ms (cache miss)
2454 http fetch GET 200 https://registry.npmjs.org/@vercel/h3/-/h3-0.1.41.tgz 3028ms (cache miss)
2455 http fetch GET 200 https://registry.npmjs.org/@vercel/next/-/next-4.15.27.tgz 3048ms (cache miss)
2456 http fetch GET 200 https://registry.npmjs.org/@vercel/node/-/node-5.5.33.tgz 3049ms (cache miss)
2457 http fetch GET 200 https://registry.npmjs.org/@vercel/hydrogen/-/hydrogen-1.3.5.tgz 3066ms (cache miss)
2458 http fetch GET 200 https://registry.npmjs.org/@vercel/fastify/-/fastify-0.1.35.tgz 3072ms (cache miss)
2459 http fetch GET 200 https://registry.npmjs.org/@vercel/express/-/express-0.1.41.tgz 3090ms (cache miss)
2460 http fetch GET 200 https://registry.npmjs.org/@vercel/nft/-/nft-1.3.0.tgz 3094ms (cache miss)
2461 http fetch GET 200 https://registry.npmjs.org/@vercel/elysia/-/elysia-0.1.32.tgz 3112ms (cache miss)
2462 http fetch GET 200 https://registry.npmjs.org/@vercel/detect-agent/-/detect-agent-1.1.0.tgz 3118ms (cache miss)
2463 http fetch GET 200 https://registry.npmjs.org/tsx/-/tsx-4.21.0.tgz 3144ms (cache miss)
2464 http fetch GET 200 https://registry.npmjs.org/esbuild/-/esbuild-0.27.0.tgz 3142ms (cache miss)
2465 http fetch GET 200 https://registry.npmjs.org/async-listen/-/async-listen-3.0.1.tgz 3214ms (cache miss)
2466 http fetch GET 200 https://registry.npmjs.org/picomatch/-/picomatch-2.3.1.tgz 3215ms (cache miss)
2467 http fetch GET 200 https://registry.npmjs.org/@vercel/build-utils/-/build-utils-13.3.3.tgz 3223ms (cache miss)
2468 http fetch GET 200 https://registry.npmjs.org/once/-/once-1.3.3.tgz 3220ms (cache miss)
2469 http fetch GET 200 https://registry.npmjs.org/end-of-stream/-/end-of-stream-1.1.0.tgz 3222ms (cache miss)
2470 http fetch GET 200 https://registry.npmjs.org/minimatch/-/minimatch-3.1.2.tgz 3242ms (cache miss)
2471 http fetch GET 200 https://registry.npmjs.org/acorn/-/acorn-8.15.0.tgz 3258ms (cache miss)
2472 http fetch GET 200 https://registry.npmjs.org/@vercel/fun/-/fun-1.3.0.tgz 3252ms (cache miss)
2473 http fetch GET 200 https://registry.npmjs.org/minimatch/-/minimatch-10.1.2.tgz 3259ms (cache miss)
2474 http fetch GET 200 https://registry.npmjs.org/@vercel/go/-/go-3.4.0.tgz 3266ms (cache miss)
2475 http fetch GET 200 https://registry.npmjs.org/yallist/-/yallist-4.0.0.tgz 3291ms (cache miss)
2476 http fetch GET 200 https://registry.npmjs.org/signal-exit/-/signal-exit-3.0.7.tgz 3295ms (cache miss)
2477 http fetch GET 200 https://registry.npmjs.org/lru-cache/-/lru-cache-6.0.0.tgz 3300ms (cache miss)
2478 http fetch GET 200 https://registry.npmjs.org/ms/-/ms-2.1.2.tgz 3302ms (cache miss)
2479 http fetch GET 200 https://registry.npmjs.org/@vercel/backends/-/backends-0.0.30.tgz 3311ms (cache miss)
2480 http fetch GET 200 https://registry.npmjs.org/fs-extra/-/fs-extra-11.1.1.tgz 3334ms (cache miss)
2481 http fetch GET 200 https://registry.npmjs.org/execa/-/execa-5.1.1.tgz 3338ms (cache miss)
2482 http fetch GET 200 https://registry.npmjs.org/get-stream/-/get-stream-6.0.1.tgz 3340ms (cache miss)
2483 http fetch GET 200 https://registry.npmjs.org/@mapbox/node-pre-gyp/-/node-pre-gyp-2.0.3.tgz 3392ms (cache miss)
2484 http fetch GET 200 https://registry.npmjs.org/semver/-/semver-6.3.1.tgz 3415ms (cache miss)
2485 http fetch GET 200 https://registry.npmjs.org/human-signals/-/human-signals-2.1.0.tgz 3415ms (cache miss)
2486 http fetch GET 200 https://registry.npmjs.org/signal-exit/-/signal-exit-3.0.7.tgz 3494ms (cache miss)
2487 http fetch GET 200 https://registry.npmjs.org/path-to-regexp/-/path-to-regexp-6.1.0.tgz 3562ms (cache miss)
2488 http fetch GET 200 https://registry.npmjs.org/undici/-/undici-5.28.4.tgz 3588ms (cache miss)
2489 http fetch GET 200 https://registry.npmjs.org/node-fetch/-/node-fetch-2.6.9.tgz 3639ms (cache miss)
2490 http fetch GET 200 https://registry.npmjs.org/path-to-regexp/-/path-to-regexp-8.2.0.tgz 3675ms (cache miss)
2491 http fetch GET 200 https://registry.npmjs.org/path-to-regexp/-/path-to-regexp-6.1.0.tgz 3721ms (cache miss)
2492 http fetch GET 200 https://registry.npmjs.org/@vercel/nft/-/nft-1.1.1.tgz 3745ms (cache miss)
2493 http fetch GET 200 https://registry.npmjs.org/@vercel/blob/-/blob-1.0.2.tgz 3782ms (cache miss)
2494 http fetch GET 200 https://registry.npmjs.org/ts-morph/-/ts-morph-12.0.0.tgz 3806ms (cache miss)
2495 http fetch GET 200 https://registry.npmjs.org/async-listen/-/async-listen-3.0.0.tgz 3794ms (cache miss)
2496 http fetch GET 200 https://registry.npmjs.org/undici 3695ms (cache miss)
2497 silly packumentCache corgi:https://registry.npmjs.org/undici set size:undefined disposed:false
2498 http fetch GET 200 https://registry.npmjs.org/@vercel/nft/-/nft-1.1.1.tgz 3867ms (cache miss)
2499 http fetch GET 200 https://registry.npmjs.org/@vercel/nft/-/nft-1.1.1.tgz 3869ms (cache miss)
2500 http fetch GET 200 https://registry.npmjs.org/@vercel/nft/-/nft-1.1.1.tgz 3869ms (cache miss)
2501 http fetch GET 200 https://registry.npmjs.org/typescript/-/typescript-5.9.3.tgz 3885ms (cache miss)
2502 http fetch GET 200 https://registry.npmjs.org/path-to-regexp 3731ms (cache miss)
2503 silly packumentCache corgi:https://registry.npmjs.org/path-to-regexp set size:undefined disposed:false
2504 silly packumentCache corgi:https://registry.npmjs.org/@vercel%2fnode cache-miss
2505 silly packumentCache corgi:https://registry.npmjs.org/@vercel%2fremix-builder cache-miss
2506 http fetch GET 200 https://registry.npmjs.org/@vercel/nft/-/nft-1.1.1.tgz 3947ms (cache miss)
2507 http fetch GET 200 https://registry.npmjs.org/@vercel/static-build/-/static-build-2.8.34.tgz 4062ms (cache miss)
2508 http fetch GET 200 https://registry.npmjs.org/@vercel%2fnode 582ms (cache miss)
2509 silly packumentCache corgi:https://registry.npmjs.org/@vercel%2fnode set size:undefined disposed:false
2510 http fetch GET 200 https://registry.npmjs.org/vercel/-/vercel-50.13.2.tgz 4485ms (cache miss)
2511 http fetch GET 200 https://registry.npmjs.org/@vercel/nft/-/nft-1.1.1.tgz 4516ms (cache miss)
2512 info run fsevents@2.3.3 install node_modules/fsevents node-gyp rebuild
2513 http fetch GET 200 https://registry.npmjs.org/@vercel%2fremix-builder 765ms (cache miss)
2514 silly packumentCache corgi:https://registry.npmjs.org/@vercel%2fremix-builder set size:undefined disposed:false
2515 silly packumentCache corgi:https://registry.npmjs.org/@vercel%2fblob cache-miss
2516 http fetch GET 200 https://registry.npmjs.org/@vercel%2fblob 175ms (cache miss)
2517 silly packumentCache corgi:https://registry.npmjs.org/@vercel%2fblob set size:undefined disposed:false
2518 silly packumentCache corgi:https://registry.npmjs.org/vercel cache-miss
2519 silly packumentCache corgi:https://registry.npmjs.org/@vercel%2felysia cache-miss
2520 silly packumentCache corgi:https://registry.npmjs.org/@vercel%2fexpress cache-miss
2521 silly packumentCache corgi:https://registry.npmjs.org/@vercel%2ffastify cache-miss
2522 silly packumentCache corgi:https://registry.npmjs.org/@vercel%2fh3 cache-miss
2523 silly packumentCache corgi:https://registry.npmjs.org/@vercel%2fhono cache-miss
2524 silly packumentCache corgi:https://registry.npmjs.org/@vercel%2fkoa cache-miss
2525 silly packumentCache corgi:https://registry.npmjs.org/@vercel%2fnestjs cache-miss
2526 http cache https://registry.npmjs.org/vercel 20ms (cache hit)
2527 silly packumentCache corgi:https://registry.npmjs.org/vercel set size:3819246 disposed:false
2528 http fetch GET 200 https://registry.npmjs.org/@vercel%2felysia 217ms (cache miss)
2529 silly packumentCache corgi:https://registry.npmjs.org/@vercel%2felysia set size:undefined disposed:false
2530 http fetch GET 200 https://registry.npmjs.org/@vercel%2fh3 220ms (cache miss)
2531 silly packumentCache corgi:https://registry.npmjs.org/@vercel%2fh3 set size:undefined disposed:false
2532 http fetch GET 200 https://registry.npmjs.org/@vercel%2fnestjs 222ms (cache miss)
2533 silly packumentCache corgi:https://registry.npmjs.org/@vercel%2fnestjs set size:undefined disposed:false
2534 http fetch GET 200 https://registry.npmjs.org/@vercel%2ffastify 226ms (cache miss)
2535 silly packumentCache corgi:https://registry.npmjs.org/@vercel%2ffastify set size:undefined disposed:false
2536 http fetch GET 200 https://registry.npmjs.org/@vercel%2fkoa 254ms (cache miss)
2537 silly packumentCache corgi:https://registry.npmjs.org/@vercel%2fkoa set size:undefined disposed:false
2538 http fetch GET 200 https://registry.npmjs.org/@vercel%2fhono 800ms (cache miss)
2539 silly packumentCache corgi:https://registry.npmjs.org/@vercel%2fhono set size:undefined disposed:false
2540 http fetch GET 200 https://registry.npmjs.org/@vercel%2fexpress 1002ms (cache miss)
2541 silly packumentCache corgi:https://registry.npmjs.org/@vercel%2fexpress set size:undefined disposed:false
2542 info run fsevents@2.3.3 install { code: 1, signal: null }
2543 verbose reify failed optional dependency /Users/mdatiarrahmanovi/Downloads/Employee Management App/.npm-cache/_npx/69f9afb961c37556/node_modules/fsevents
2544 silly reify mark deleted [
2544 silly reify   '/Users/mdatiarrahmanovi/Downloads/Employee Management App/.npm-cache/_npx/69f9afb961c37556/node_modules/fsevents'
2544 silly reify ]
2545 info run esbuild@0.27.0 postinstall node_modules/esbuild node install.js
2546 info run esbuild@0.27.0 postinstall { code: 0, signal: null }
2547 verbose cwd /Users/mdatiarrahmanovi/Downloads/Employee Management App
2548 verbose os Darwin 25.2.0
2549 verbose node v24.13.0
2550 verbose npm  v11.6.2
2551 notice
2551 notice New [33mminor[39m version of npm available! [33m11.6.2[39m -> [34m11.9.0[39m
2551 notice Changelog: [34mhttps://github.com/npm/cli/releases/tag/v11.9.0[39m
2551 notice To update run: [4mnpm install -g npm@11.9.0[24m
2551 notice  { force: true, Symbol(proc-log.meta): true }
2552 verbose exit 1
2553 verbose code 1
